year,playername,role,nationality,career_matches,battingavg,battingsr,runsscored,fours,sixes,wickets,economyrate,bowlingavg,bowlingsr,catches,stumpings,basepricecr,soldpricecr,franchise,current_franchise,battingavg_missing,battingsr_missing,economyrate_missing,bowlingavg_missing,performancescore,valueindex,role_enc,nationality_enc
2009,Dwayne Smith,Bowler,Unknown,4,15.0,112.5,45,5,1,5,7.55,16.6,13.2,2,0,0.484,0.484,Deccan Chargers,Deccan Chargers,0,0,0,0,40.39,83.45,2,2
2010,Mohammad Kaif,Batsman,Unknown,16,16.0,102.92,176,14,6,0,,,,8,0,0.457,1.143,Kings XI Punjab,Punjab Kings,0,0,1,1,24.63,21.55,1,2
2010,Yusuf Abdulla,Bowler,Unknown,9,,,0,0,0,14,8.61,17.21,12.0,0,0,0.229,0.229,Kings XI Punjab,Punjab Kings,1,1,0,0,40.06,174.93,2,2
2011,Gautam Gambhir,Batsman,Unknown,40,31.34,125.51,1097,132,12,0,,,,7,0,0.933,11.201,Kolkata Knight Riders,Kolkata Knight Riders,0,0,1,1,38.73,3.46,1,2
2011,Yusuf Pathan,All-Rounder,Unknown,43,27.08,163.07,1029,90,63,20,7.4,35.95,29.15,13,0,1.4,9.801,Kolkata Knight Riders,Kolkata Knight Riders,0,0,0,0,42.35,4.32,0,2
2011,Robin Uthappa,Wicketkeeper-Batsman,Unknown,45,27.16,130.28,869,73,39,0,,,,23,4,0.933,9.801,Pune Warriors India,Pune Warriors India,0,0,1,1,31.5,3.21,3,2
2011,Rohit Sharma,All-Rounder,Unknown,45,30.79,131.46,1170,96,51,14,7.37,24.21,19.71,21,0,0.933,9.334,Mumbai Indians,Mumbai Indians,0,0,0,0,41.04,4.4,0,2
2011,Irfan Pathan,All-Rounder,Unknown,42,25.12,131.09,603,47,22,47,7.79,24.81,19.11,10,0,0.933,8.867,Delhi Daredevils,Delhi Capitals,0,0,0,0,42.46,4.79,0,2
2011,Yuvraj Singh,All-Rounder,Unknown,43,24.27,132.25,898,70,49,14,7.25,26.93,22.29,14,0,1.867,8.401,Pune Warriors India,Pune Warriors India,0,0,0,0,38.84,4.62,0,2
2011,Saurabh Tiwary,Batsman,Unknown,23,26.94,134.31,458,32,19,0,,,,4,0,0.467,7.467,Royal Challengers Bangalore,Royal Challengers Bengaluru,0,0,1,1,36.6,4.9,1,2
2011,Mahela Jayawardene,Batsman,Unknown,36,35.12,141.44,843,87,26,0,,,,17,0,1.867,7.0,Kochi Tuskers Kerala,Kochi Tuskers Kerala,0,0,1,1,43.5,6.21,1,2
2011,David Hussey,All-Rounder,Unknown,23,26.89,126.49,511,31,28,2,9.04,122.0,81.0,10,0,0.933,6.534,Kings XI Punjab,Punjab Kings,0,0,0,0,35.85,5.49,0,2
2011,Dale Steyn,Bowler,Unknown,28,2.5,60.0,15,2,0,27,6.79,26.67,23.56,7,0,0.933,5.6,Deccan Chargers,Deccan Chargers,0,0,0,0,47.56,8.49,2,2
2011,Muttiah Muralitharan,Bowler,Unknown,40,2.25,69.23,9,1,0,41,6.41,24.49,22.93,11,0,1.4,5.134,Kochi Tuskers Kerala,Kochi Tuskers Kerala,0,0,0,0,51.88,10.11,2,2
2011,Cameron White,Batsman,Unknown,15,18.0,120.0,162,11,7,0,21.5,,,7,0,1.4,5.134,Deccan Chargers,Deccan Chargers,0,0,0,1,28.24,5.5,1,2
2011,Jacques Kallis,All-Rounder,Unknown,42,31.44,112.19,1132,127,21,23,8.3,49.57,35.83,14,0,1.4,5.134,Kolkata Knight Riders,Kolkata Knight Riders,0,0,0,0,40.07,7.8,0,2
2011,AB de Villiers,Batsman,Unknown,28,31.95,117.31,671,51,13,0,,,,24,0,1.867,5.134,Royal Challengers Bangalore,Royal Challengers Bengaluru,0,0,1,1,38.16,7.43,1,2
2011,Ross Taylor,Batsman,Unknown,22,30.41,142.03,517,35,31,0,13.0,,,7,0,1.867,4.667,Rajasthan Royals,Rajasthan Royals,0,0,0,1,40.11,8.59,1,2
2011,Angelo Mathews,All-Rounder,Unknown,15,31.12,126.4,249,20,8,8,8.66,43.12,29.88,4,0,0.933,4.434,Pune Warriors India,Pune Warriors India,0,0,0,0,38.58,8.7,0,2
2011,Ravindra Jadeja,All-Rounder,Unknown,27,23.89,116.53,430,32,12,6,6.75,28.67,25.5,12,0,0.467,4.434,Kochi Tuskers Kerala,Kochi Tuskers Kerala,0,0,0,0,37.33,8.42,0,2
2011,Johan Botha,Bowler,Unknown,3,23.5,117.5,47,5,0,3,6.17,24.67,24.0,0,0,0.933,4.434,Rajasthan Royals,Rajasthan Royals,0,0,0,0,43.18,9.74,2,2
2011,Dinesh Karthik,Wicketkeeper-Batsman,Unknown,42,26.33,126.74,711,59,19,0,,,,24,13,0.933,4.2,Kings XI Punjab,Punjab Kings,0,0,1,1,36.29,8.64,3,2
2011,Piyush Chawla,Bowler,Unknown,43,13.07,118.06,183,20,3,41,7.56,25.95,20.59,14,0,0.467,4.2,Kings XI Punjab,Punjab Kings,0,0,0,0,49.14,11.7,2,2
2011,Sreesanth,Bowler,Unknown,28,32.0,76.19,32,6,0,28,8.86,29.46,19.96,2,0,0.933,4.2,Kochi Tuskers Kerala,Kochi Tuskers Kerala,0,0,0,0,42.88,10.21,2,2
2011,Adam Gilchrist,Wicketkeeper-Batsman,Unknown,46,27.11,147.34,1220,136,64,0,,,,25,13,1.867,4.2,Kings XI Punjab,Punjab Kings,0,0,1,1,38.81,9.24,3,2
2011,Zaheer Khan,Bowler,Unknown,31,11.0,98.51,66,7,1,34,7.86,25.74,19.65,7,0,1.4,4.2,Royal Challengers Bangalore,Royal Challengers Bengaluru,0,0,0,0,46.72,11.12,2,2
2011,Ravichandran Ashwin,Bowler,Unknown,14,7.6,69.09,38,3,0,15,5.88,20.4,20.8,2,0,0.467,3.967,Chennai Super Kings,Chennai Super Kings,0,0,0,0,46.8,11.8,2,2
2011,Ashish Nehra,Bowler,Unknown,31,13.5,79.41,27,2,1,37,7.19,21.35,17.81,11,0,0.933,3.967,Pune Warriors India,Pune Warriors India,0,0,0,0,49.05,12.36,2,2
2011,Andrew Symonds,All-Rounder,Unknown,28,36.48,137.09,839,65,38,19,7.55,33.32,26.47,15,0,1.4,3.967,Mumbai Indians,Mumbai Indians,0,0,0,0,43.88,11.06,0,2
2011,Subramaniam Badrinath,Batsman,Unknown,46,27.88,121.44,725,82,17,0,,,,11,0,0.467,3.734,Chennai Super Kings,Chennai Super Kings,0,0,1,1,35.68,9.56,1,2
2011,Praveen Kumar,Bowler,Unknown,38,10.65,119.08,181,11,12,34,8.18,33.53,24.59,4,0,0.933,3.734,Kings XI Punjab,Punjab Kings,0,0,0,0,45.96,12.31,2,2
2011,Abhishek Nayar,Batsman,Unknown,30,24.05,134.02,457,34,18,5,8.0,30.4,22.8,9,0,0.233,3.734,Kings XI Punjab,Punjab Kings,0,0,0,0,34.44,9.22,1,2
2011,David Warner,Batsman,Unknown,18,26.18,137.77,445,43,19,0,,,,13,0,0.933,3.5,Delhi Daredevils,Delhi Capitals,0,0,1,1,36.47,10.42,1,2
2011,Umesh Yadav,Bowler,Unknown,7,,75.0,3,0,0,6,7.67,30.67,24.0,1,0,0.233,3.5,Delhi Daredevils,Delhi Capitals,1,0,0,0,40.34,11.53,2,2
2011,Munaf Patel,Bowler,Unknown,30,9.25,115.62,37,5,0,33,7.58,23.61,18.7,4,0,0.467,3.267,Mumbai Indians,Mumbai Indians,0,0,0,0,47.14,14.43,2,2
2011,Venugopal Rao,All-Rounder,Unknown,33,19.39,121.53,446,31,19,6,8.97,44.83,30.0,7,0,0.467,3.267,Delhi Daredevils,Delhi Capitals,0,0,0,0,33.35,10.21,0,2
2011,Kumar Sangakkara,Wicketkeeper-Batsman,Unknown,37,31.53,129.53,1009,117,18,0,,,,16,7,1.4,3.267,Deccan Chargers,Deccan Chargers,0,0,1,1,35.88,10.98,3,2
2011,Cheteshwar Pujara,Batsman,Unknown,10,30.5,106.09,122,14,3,0,,,,2,0,0.467,3.267,Royal Challengers Bangalore,Royal Challengers Bengaluru,0,0,1,1,35.69,10.92,1,2
2011,Doug Bollinger,Bowler,Unknown,8,,105.88,18,1,1,12,6.68,17.25,15.5,2,0,0.933,3.267,Chennai Super Kings,Chennai Super Kings,1,0,0,0,44.16,13.52,2,2
2011,Dirk Nannes,Bowler,Unknown,22,4.0,30.77,4,0,0,22,7.11,27.09,22.86,4,0,0.933,3.034,Royal Challengers Bangalore,Royal Challengers Bengaluru,0,0,0,0,45.58,15.02,2,2
2011,Tillakaratne Dilshan,All-Rounder,Unknown,27,25.73,119.66,566,62,16,4,6.79,42.75,37.75,13,0,1.867,3.034,Royal Challengers Bangalore,Royal Challengers Bengaluru,0,0,0,0,37.91,12.5,0,2
2011,Kevin Pietersen,Batsman,Unknown,13,32.9,135.95,329,31,10,7,7.04,23.14,19.71,6,0,1.867,3.034,Deccan Chargers,Deccan Chargers,0,0,0,0,41.18,13.57,1,2
2011,Daniel Vettori,Bowler,Unknown,12,22.33,113.56,67,7,0,11,7.75,30.18,23.36,4,0,1.867,2.567,Royal Challengers Bangalore,Royal Challengers Bengaluru,0,0,0,0,41.37,16.12,2,2
2011,Pragyan Ojha,Bowler,Unknown,44,0.75,31.58,6,0,0,50,7.1,21.22,17.92,9,0,0.933,2.334,Deccan Chargers,Deccan Chargers,0,0,0,0,52.43,22.46,2,2
2011,Rahul Dravid,Batsman,Unknown,43,26.41,122.85,898,97,17,0,,,,8,0,1.867,2.334,Rajasthan Royals,Rajasthan Royals,0,0,1,1,34.78,14.9,1,2
2011,Graeme Smith,Batsman,Unknown,25,31.68,112.97,697,88,9,0,,,,6,0,1.867,2.334,Pune Warriors India,Pune Warriors India,0,0,1,1,37.42,16.03,1,2
2011,RP Singh,Bowler,Unknown,42,4.4,73.33,44,2,1,51,8.03,24.1,18.0,15,0,0.933,2.334,Kochi Tuskers Kerala,Kochi Tuskers Kerala,0,0,0,0,50.46,21.62,2,2
2011,Lakshmipathy Balaji,Bowler,Unknown,29,3.67,64.71,22,1,1,31,8.64,26.1,18.13,5,0,0.467,2.334,Kolkata Knight Riders,Kolkata Knight Riders,0,0,0,0,44.13,18.91,2,2
2011,Manoj Tiwari,Batsman,Unknown,24,25.0,123.24,350,40,5,1,11.0,22.0,12.0,7,0,0.467,2.217,Kolkata Knight Riders,Kolkata Knight Riders,0,0,0,0,33.79,15.24,1,2
2011,Morné Morkel,Bowler,Unknown,4,8.5,70.83,17,2,0,0,7.57,,,2,0,0.467,2.217,Delhi Daredevils,Delhi Capitals,0,0,0,1,39.12,17.65,2,2
2011,Brendon McCullum,Batsman,Unknown,22,30.95,133.03,588,54,29,0,,,,9,0,1.867,2.217,Kochi Tuskers Kerala,Kochi Tuskers Kerala,0,0,1,1,39.39,17.77,1,2
2011,Vinay Kumar,Bowler,Unknown,33,8.25,101.02,99,7,2,30,8.36,28.3,20.3,9,0,0.467,2.217,Kochi Tuskers Kerala,Kochi Tuskers Kerala,0,0,0,0,44.56,20.1,2,2
2011,Ishant Sharma,Bowler,Unknown,31,8.25,80.49,33,2,1,25,7.82,34.48,26.44,4,0,0.933,2.1,Deccan Chargers,Deccan Chargers,0,0,0,0,44.62,21.25,2,2
2011,Brad Hodge,Batsman,Unknown,19,29.75,114.15,476,47,10,9,8.08,22.44,16.67,6,0,0.933,1.983,Kochi Tuskers Kerala,Kochi Tuskers Kerala,0,0,0,0,36.14,18.22,1,2
2011,Michael Hussey,Batsman,Unknown,7,51.25,142.36,205,14,11,0,,,,2,0,0.933,1.983,Chennai Super Kings,Chennai Super Kings,0,0,1,1,55.48,27.98,1,2
2011,Brett Lee,Bowler,Unknown,13,14.0,100.0,56,5,2,9,7.37,41.33,33.67,4,0,1.867,1.867,Kolkata Knight Riders,Kolkata Knight Riders,0,0,0,0,41.79,22.38,2,2
2011,Shaun Marsh,Batsman,Unknown,15,63.58,137.48,763,73,32,0,,,,4,0,1.867,1.867,Kings XI Punjab,Punjab Kings,0,0,1,1,63.93,34.24,1,2
2011,VVS Laxman,Batsman,Unknown,17,15.87,105.78,238,30,3,0,,,,4,0,1.4,1.867,Kochi Tuskers Kerala,Kochi Tuskers Kerala,0,0,1,1,24.89,13.33,1,2
2011,Murali Kartik,Bowler,Unknown,26,14.6,105.8,73,5,0,16,6.63,36.31,32.88,9,0,0.933,1.867,Pune Warriors India,Pune Warriors India,0,0,0,0,45.26,24.24,2,2
2011,Ashok Dinda,Bowler,Unknown,29,1.0,50.0,4,0,0,22,7.02,27.5,23.5,2,0,0.467,1.75,Delhi Daredevils,Delhi Capitals,0,0,0,0,45.79,26.17,2,2
2011,Eoin Morgan,Batsman,Unknown,6,11.67,116.67,35,2,1,0,,,,4,0,0.933,1.633,Kolkata Knight Riders,Kolkata Knight Riders,0,0,1,1,23.16,14.18,1,2
2011,James Hopes,Bowler,Unknown,11,20.09,149.32,221,27,8,7,9.86,39.43,24.0,2,0,0.933,1.633,Delhi Daredevils,Delhi Capitals,0,0,0,0,35.37,21.66,2,2
2011,Ryan Harris,Bowler,Unknown,16,13.2,115.79,66,2,2,20,7.51,23.15,18.5,9,0,0.933,1.517,Kings XI Punjab,Punjab Kings,0,0,0,0,44.14,29.1,2,2
2011,Aaron Finch,Batsman,Unknown,1,21.0,100.0,21,0,1,0,4.29,,,0,0,0.467,1.4,Delhi Daredevils,Delhi Capitals,0,0,0,1,27.94,19.96,1,2
2011,Amit Mishra,Bowler,Unknown,31,10.2,90.27,102,6,2,42,6.91,18.93,16.43,6,0,0.467,1.4,Deccan Chargers,Deccan Chargers,0,0,0,0,50.93,36.38,2,2
2011,Shikhar Dhawan,Batsman,Unknown,29,24.83,111.96,571,61,11,0,,,,15,0,0.467,1.4,Deccan Chargers,Deccan Chargers,0,0,1,1,32.25,23.04,1,2
2011,JP Duminy,Batsman,Unknown,20,37.79,116.01,529,39,16,5,5.65,26.0,27.6,8,0,0.933,1.4,Deccan Chargers,Deccan Chargers,0,0,0,0,42.29,30.21,1,2
2011,Shaun Tait,Bowler,Unknown,8,12.0,92.31,12,0,1,10,8.47,26.4,18.7,2,0,1.4,1.4,Rajasthan Royals,Rajasthan Royals,0,0,0,0,39.42,28.16,2,2
2011,Parthiv Patel,Batsman,Unknown,26,21.5,102.79,516,67,7,0,,,,9,2,0.467,1.353,Kochi Tuskers Kerala,Kochi Tuskers Kerala,0,0,1,1,28.66,21.18,1,2
2011,Mitchell Marsh,Bowler,Unknown,3,14.0,93.33,28,1,1,2,8.8,44.0,30.0,0,0,0.467,1.353,Pune Warriors India,Pune Warriors India,0,0,0,0,36.68,27.11,2,2
2011,Manpreet Gony,Bowler,Unknown,26,12.5,138.89,50,2,5,23,8.32,30.74,22.17,3,0,0.233,1.353,Deccan Chargers,Deccan Chargers,0,0,0,0,42.94,31.74,2,2
2011,Naman Ojha,Wicketkeeper-Batsman,Unknown,22,28.68,127.04,545,53,26,0,,,,6,6,0.467,1.26,Delhi Daredevils,Delhi Capitals,0,0,1,1,33.32,26.44,3,2
2011,Abhimanyu Mithun,Bowler,Unknown,2,5.0,125.0,5,1,0,1,11.57,81.0,42.0,0,0,0.467,1.213,Royal Challengers Bangalore,Royal Challengers Bengaluru,0,0,0,0,29.84,24.6,2,2
2011,Jaydev Unadkat,Bowler,Unknown,3,,,0,0,0,4,8.23,21.25,15.5,1,0,0.233,1.167,Kolkata Knight Riders,Kolkata Knight Riders,1,1,0,0,38.52,33.01,2,2
2011,Paul Collingwood,Batsman,Unknown,8,40.6,130.13,203,9,13,5,6.81,20.2,17.8,3,0,0.933,1.167,Rajasthan Royals,Rajasthan Royals,0,0,0,0,46.12,39.52,1,2
2011,Sudeep Tyagi,Bowler,Unknown,14,3.0,75.0,3,0,0,6,8.47,49.17,34.83,3,0,0.233,1.12,Chennai Super Kings,Chennai Super Kings,0,0,0,0,38.44,34.32,2,2
2011,Ajit Agarkar,Bowler,Unknown,27,20.0,121.21,160,12,5,18,8.78,38.56,26.33,1,0,0.467,0.98,Delhi Daredevils,Delhi Capitals,0,0,0,0,40.63,41.46,2,2
2011,Dwayne Bravo,All-Rounder,Unknown,30,21.76,117.18,457,37,17,26,8.19,27.65,20.27,13,0,0.933,0.933,Chennai Super Kings,Chennai Super Kings,0,0,0,0,37.32,40.0,0,2
2011,Owais Shah,Batsman,Unknown,5,57.5,121.05,115,7,5,0,,,,0,0,0.933,0.933,Kochi Tuskers Kerala,Kochi Tuskers Kerala,0,0,1,1,57.41,61.53,1,2
2011,Scott Styris,Bowler,Unknown,10,18.0,96.18,126,9,3,8,7.51,32.88,26.25,1,0,0.467,0.933,Chennai Super Kings,Chennai Super Kings,0,0,0,0,41.21,44.17,2,2
2011,Ramesh Powar,Bowler,Unknown,21,28.0,109.8,56,6,1,11,6.84,34.82,30.55,5,0,0.467,0.84,Kochi Tuskers Kerala,Kochi Tuskers Kerala,0,0,0,0,43.54,51.83,2,2
2011,Jesse Ryder,Bowler,Unknown,5,11.2,114.29,56,9,0,3,6.76,38.33,34.0,2,0,0.467,0.7,Pune Warriors India,Pune Warriors India,0,0,0,0,41.78,59.69,2,2
2011,Joginder Sharma,Bowler,Unknown,15,12.0,124.14,36,1,2,12,9.71,32.08,19.83,5,0,0.467,0.7,Chennai Super Kings,Chennai Super Kings,0,0,0,0,36.95,52.79,2,2
2011,Charl Langeveldt,Bowler,Unknown,4,0.0,0.0,0,0,0,8,6.87,12.88,11.25,0,0,0.467,0.653,Royal Challengers Bangalore,Royal Challengers Bengaluru,0,0,0,0,42.74,65.45,2,2
2011,Mohammad Kaif,Batsman,Unknown,20,14.57,101.49,204,16,6,0,,,,11,0,0.467,0.607,Royal Challengers Bangalore,Royal Challengers Bengaluru,0,0,1,1,23.4,38.55,1,2
2011,Wriddhiman Saha,Wicketkeeper-Batsman,Unknown,33,27.09,139.91,298,24,12,0,,,,13,5,0.467,0.467,Chennai Super Kings,Chennai Super Kings,0,0,1,1,33.05,70.77,3,2
2011,Dimitri Mascarenhas,Bowler,Unknown,8,10.0,105.26,60,4,1,12,7.21,18.83,15.67,1,0,0.467,0.467,Kings XI Punjab,Punjab Kings,0,0,0,0,42.9,91.86,2,2
2011,Pankaj Singh,Bowler,Unknown,10,3.5,58.33,7,0,0,4,10.19,68.75,40.5,2,0,0.233,0.443,Rajasthan Royals,Rajasthan Royals,0,0,0,0,33.86,76.43,2,2
2011,Rusty Theron,Bowler,Unknown,7,1.0,40.0,2,0,0,8,7.89,24.5,18.62,1,0,0.233,0.397,Deccan Chargers,Deccan Chargers,0,0,0,0,40.31,101.54,2,2
2011,Andrew McDonald,Bowler,Unknown,5,68.0,121.43,68,3,2,5,9.41,32.0,20.4,0,0,0.233,0.373,Delhi Daredevils,Delhi Capitals,0,0,0,0,35.96,96.41,2,2
2011,Thissara Perera,Bowler,Unknown,1,,,0,0,0,0,19.0,,,0,0,0.233,0.373,Kochi Tuskers Kerala,Kochi Tuskers Kerala,1,1,0,1,11.9,31.9,2,2
2011,Michael Lumb,Batsman,Unknown,11,25.27,144.79,278,45,6,0,,,,4,0,0.233,0.373,Deccan Chargers,Deccan Chargers,0,0,1,1,36.68,98.34,1,2
2011,Moises Henriques,Bowler,Unknown,5,16.33,108.89,49,4,1,3,8.78,47.33,32.33,4,0,0.233,0.233,Mumbai Indians,Mumbai Indians,0,0,0,0,36.97,158.67,2,2
2011,George Bailey,Batsman,Unknown,4,21.0,95.45,63,9,0,0,,,,1,0,0.233,0.233,Chennai Super Kings,Chennai Super Kings,0,0,1,1,27.37,117.47,1,2
2011,Roelof van der Merwe,Bowler,Unknown,11,13.67,123.0,123,8,8,11,7.24,25.0,20.73,3,0,0.233,0.233,Delhi Daredevils,Delhi Capitals,0,0,0,0,42.59,182.79,2,2
2011,Luke Pomersbach,Batsman,Unknown,9,38.6,130.41,193,16,10,0,,,,2,0,0.093,0.233,Royal Challengers Bangalore,Royal Challengers Bengaluru,0,0,1,1,44.68,191.76,1,2
2012,Ravindra Jadeja,All-Rounder,Unknown,41,26.41,119.43,713,52,26,14,7.07,34.07,28.93,13,0,0.534,10.688,Chennai Super Kings,Chennai Super Kings,0,0,0,0,39.04,3.65,0,2
2012,Mahela Jayawardene,Batsman,Unknown,49,30.86,133.88,1142,122,31,0,,,,23,0,1.603,7.482,Delhi Daredevils,Delhi Capitals,0,0,1,1,39.43,5.27,1,2
2012,Vinay Kumar,Bowler,Unknown,46,8.28,102.76,149,11,3,42,8.1,28.19,20.88,12,0,0.534,5.344,Royal Challengers Bangalore,Royal Challengers Bengaluru,0,0,0,0,48.1,9.0,2,2
2012,Brendon McCullum,Batsman,Unknown,35,29.53,131.8,945,89,45,0,,,,11,0,2.138,4.81,Kolkata Knight Riders,Kolkata Knight Riders,0,0,1,1,38.19,7.94,1,2
2012,Parthiv Patel,Wicketkeeper-Batsman,Unknown,40,21.12,104.82,718,92,9,0,,,,17,3,1.069,3.474,Deccan Chargers,Deccan Chargers,0,0,1,1,24.78,7.13,3,2
2012,Thisara Perera,Bowler,Unknown,5,11.5,85.19,23,4,0,2,8.67,65.0,45.0,0,0,0.267,3.474,Mumbai Indians,Mumbai Indians,0,0,0,0,36.99,10.65,2,2
2012,R. P. Singh,Bowler,Unknown,56,3.54,71.88,46,2,1,64,7.75,24.59,19.03,20,0,1.069,3.206,Mumbai Indians,Mumbai Indians,0,0,0,0,54.3,16.94,2,2
2012,Brad Hodge,All-Rounder,Unknown,33,31.71,116.54,761,73,19,16,7.75,17.44,13.5,7,0,1.069,2.538,Rajasthan Royals,Rajasthan Royals,0,0,0,0,40.24,15.86,0,2
2012,Sreesanth,Bowler,Unknown,37,11.0,64.71,33,6,0,35,8.25,29.46,21.43,3,0,2.138,2.138,Rajasthan Royals,Rajasthan Royals,0,0,0,0,46.04,21.53,2,2
2012,Muttiah Muralitharan,Bowler,Unknown,45,3.5,66.67,14,1,0,43,6.52,26.63,24.51,12,0,1.069,1.176,Royal Challengers Bangalore,Royal Challengers Bengaluru,0,0,0,0,52.11,44.31,2,2
2012,James Faulkner,Bowler,Unknown,1,,,0,0,0,1,4.5,9.0,12.0,0,0,0.534,1.015,Kings XI Punjab,Punjab Kings,1,1,0,0,46.67,45.98,2,2
2012,Ramesh Powar,Bowler,Unknown,26,22.33,104.69,67,6,1,13,7.28,38.08,31.38,5,0,0.534,0.855,Kings XI Punjab,Punjab Kings,0,0,0,0,42.98,50.27,2,2
2012,Herschelle Gibbs,Batsman,Unknown,33,26.83,111.96,805,75,29,0,,,,22,0,0.267,0.267,Mumbai Indians,Mumbai Indians,0,0,1,1,33.72,126.29,1,2
2013,Glenn Maxwell,Bowler,Unknown,2,6.0,54.55,6,0,0,1,7.33,22.0,18.0,0,0,1.172,5.86,Mumbai Indians,Mumbai Indians,0,0,0,0,39.93,6.81,2,2
2013,Ajantha Mendis,Bowler,Unknown,7,1.0,50.0,1,0,0,6,7.85,37.5,28.67,1,0,0.293,4.248,Pune Warriors India,Pune Warriors India,0,0,0,0,39.92,9.4,2,2
2013,Abhishek Nayar,All-Rounder,Unknown,44,19.41,123.19,563,45,19,7,8.72,37.57,25.86,11,0,0.586,3.956,Pune Warriors India,Pune Warriors India,0,0,0,0,33.88,8.56,0,2
2013,Thisara Perera,Bowler,Unknown,7,9.0,75.0,27,4,0,2,8.97,78.5,52.5,3,0,0.293,3.956,Sunrisers Hyderabad,Sunrisers Hyderabad,0,0,0,0,36.27,9.17,2,2
2013,Dirk Nannes,Bowler,Unknown,24,4.0,30.77,4,0,0,24,7.14,26.12,21.96,5,0,1.172,3.516,Chennai Super Kings,Chennai Super Kings,0,0,0,0,46.0,13.08,2,2
2013,Jaydev Unadkat,Bowler,Unknown,11,,,0,0,0,10,8.52,26.7,18.8,3,0,0.586,3.076,Royal Challengers Bangalore,Royal Challengers Bengaluru,1,1,0,0,39.3,12.78,2,2
2013,Manpreet Gony,Bowler,Unknown,35,9.0,117.39,54,2,5,30,8.47,33.3,23.6,4,0,1.172,2.93,Kings XI Punjab,Punjab Kings,0,0,0,0,44.29,15.12,2,2
2013,Johan Botha,All-Rounder,Unknown,24,30.45,114.73,335,29,3,19,6.85,32.11,28.11,8,0,1.758,2.637,Delhi Daredevils,Delhi Capitals,0,0,0,0,41.1,15.59,0,2
2013,Michael Clarke,Batsman,Unknown,6,16.33,104.26,98,12,0,2,6.09,33.5,33.0,1,0,2.344,2.344,Pune Warriors India,Pune Warriors India,0,0,0,0,25.04,10.68,1,2
2013,James Faulkner,Bowler,Unknown,3,14.0,107.69,14,0,0,4,8.1,20.25,15.0,1,0,0.586,2.344,Rajasthan Royals,Rajasthan Royals,0,0,0,0,38.83,16.57,2,2
2013,Ricky Ponting,Batsman,Unknown,4,9.75,73.58,39,2,1,0,,,,2,0,2.344,2.344,Mumbai Indians,Mumbai Indians,0,0,1,1,16.37,6.98,1,2
2013,R. P. Singh,Bowler,Unknown,67,3.47,68.42,52,2,1,74,7.75,25.57,19.78,23,0,0.586,2.344,Royal Challengers Bangalore,Royal Challengers Bengaluru,0,0,0,0,56.74,24.21,2,2
2013,Moisés Henriques,Bowler,Unknown,5,16.33,108.89,49,4,1,3,8.78,47.33,32.33,4,0,0.586,1.758,Royal Challengers Bangalore,Royal Challengers Bengaluru,0,0,0,0,36.97,21.03,2,2
2013,Luke Pomersbach,Batsman,Unknown,14,27.11,130.48,244,20,12,0,,,,8,0,0.293,1.758,Kings XI Punjab,Punjab Kings,0,0,1,1,36.24,20.61,1,2
2013,Jesse Ryder,All-Rounder,Unknown,29,21.57,131.88,604,69,19,8,7.7,37.88,29.5,10,0,0.586,1.524,Delhi Daredevils,Delhi Capitals,0,0,0,0,36.55,23.98,0,2
2013,Fidel Edwards,Bowler,Unknown,6,4.0,80.0,4,0,0,5,6.6,30.8,28.0,0,0,0.586,1.231,Rajasthan Royals,Rajasthan Royals,0,0,0,0,42.65,34.65,2,2
2013,Pankaj Singh,Bowler,Unknown,17,3.5,58.33,7,0,0,11,9.36,42.55,27.27,2,0,0.293,0.879,Royal Challengers Bangalore,Royal Challengers Bengaluru,0,0,0,0,37.54,42.71,2,2
2013,Daniel Christian,All-Rounder,Unknown,21,20.94,120.94,335,17,13,19,8.02,30.68,22.95,12,0,0.586,0.586,Royal Challengers Bangalore,Royal Challengers Bengaluru,0,0,0,0,36.6,62.46,0,2
2013,Nathan McCullum,Bowler,Unknown,2,26.0,118.18,26,0,1,0,6.8,,,1,0,0.586,0.586,Sunrisers Hyderabad,Sunrisers Hyderabad,0,0,0,1,40.95,69.88,2,2
2013,Clint McKay,Bowler,Unknown,2,8.0,53.33,8,0,0,1,8.57,60.0,42.0,0,0,0.586,0.586,Sunrisers Hyderabad,Sunrisers Hyderabad,0,0,0,0,36.98,63.11,2,2
2013,Sudeep Tyagi,Bowler,Unknown,14,3.0,75.0,3,0,0,6,8.47,49.17,34.83,3,0,0.586,0.586,Sunrisers Hyderabad,Sunrisers Hyderabad,0,0,0,0,38.44,65.6,2,2
2013,Ryan McLaren,All-Rounder,Unknown,16,26.0,94.55,156,14,1,9,8.62,49.78,34.67,4,0,0.293,0.293,Kolkata Knight Riders,Kolkata Knight Riders,0,0,0,0,34.88,119.04,0,2
2013,Jacob Oram,Bowler,Unknown,17,13.25,98.15,106,6,5,9,9.21,36.33,23.67,7,0,0.293,0.293,Mumbai Indians,Mumbai Indians,0,0,0,0,37.41,127.68,2,2
2014,Yuvraj Singh,All-Rounder,Indian,70,25.07,130.88,1479,108,82,29,7.0,24.86,21.31,19,0,2.0,14.0,Royal Challengers Bangalore,Royal Challengers Bengaluru,0,0,0,0,41.17,2.94,0,0
2014,Dinesh Karthik,Wicketkeeper-Batsman,Indian,92,25.23,123.91,1741,175,42,0,,,,48,17,2.0,12.5,Delhi Daredevils,Delhi Capitals,0,0,1,1,37.86,3.03,3,0
2014,Kevin Pietersen,All-Rounder,Overseas,21,42.27,141.2,634,53,30,7,7.41,30.71,24.86,9,0,2.0,9.0,Delhi Daredevils,Delhi Capitals,0,0,0,0,44.97,5.0,0,1
2014,Mitchell Johnson,Bowler,Overseas,17,9.75,108.33,39,2,2,24,7.17,19.12,16.0,7,0,2.0,6.5,Kings XI Punjab,Punjab Kings,0,0,0,0,45.93,7.07,2,1
2014,Glenn Maxwell,Batsman,Overseas,5,14.0,110.53,42,1,4,1,9.0,45.0,30.0,1,0,1.0,6.0,Kings XI Punjab,Punjab Kings,0,0,0,0,24.11,4.02,1,1
2014,Jacques Kallis,All-Rounder,Overseas,90,28.81,108.74,2276,242,40,61,7.85,34.54,26.39,28,0,2.0,5.5,Kolkata Knight Riders,Kolkata Knight Riders,0,0,0,0,44.05,8.01,0,1
2014,David Warner,Batsman,Overseas,55,28.14,132.99,1435,146,58,0,,,,24,0,1.5,5.5,Sunrisers Hyderabad,Sunrisers Hyderabad,0,0,1,1,37.31,6.78,1,1
2014,Murali Vijay,Batsman,Indian,64,26.67,127.9,1600,140,66,0,,,,33,0,2.0,5.0,Delhi Daredevils,Delhi Capitals,0,0,1,1,35.6,7.12,1,0
2014,Michael Hussey,Batsman,Overseas,46,44.5,124.34,1691,176,42,0,,,,22,0,2.0,5.0,Mumbai Indians,Mumbai Indians,0,0,1,1,48.26,9.65,1,1
2014,Robin Uthappa,Wicketkeeper-Batsman,Indian,91,27.01,124.03,1972,180,71,0,,,,48,10,2.0,5.0,Kolkata Knight Riders,Kolkata Knight Riders,0,0,1,1,34.54,6.91,3,0
2014,Faf du Plessis,Batsman,Overseas,12,33.17,130.92,398,29,17,0,16.0,,,5,0,1.5,4.75,Chennai Super Kings,Chennai Super Kings,0,0,0,1,40.75,8.58,1,1
2014,Amit Mishra,Bowler,Indian,76,11.96,98.92,275,25,3,95,6.94,20.25,17.52,9,0,2.0,4.75,Sunrisers Hyderabad,Sunrisers Hyderabad,0,0,0,0,63.79,13.43,2,0
2014,Dwayne Smith,All-Rounder,Overseas,35,28.57,134.75,857,76,43,11,8.48,36.09,25.55,17,0,1.5,4.5,Chennai Super Kings,Chennai Super Kings,0,0,0,0,38.74,8.61,0,1
2014,Bhuvneshwar Kumar,Bowler,Indian,31,9.3,83.04,93,7,1,24,6.72,29.96,26.75,4,0,1.5,4.25,Sunrisers Hyderabad,Sunrisers Hyderabad,0,0,0,0,47.0,11.06,2,0
2014,Mohammed Shami,Bowler,Indian,3,5.0,50.0,5,0,0,1,8.67,78.0,54.0,0,0,1.0,4.25,Delhi Daredevils,Delhi Capitals,0,0,0,0,36.74,8.64,2,0
2014,Ishant Sharma,Bowler,Indian,59,9.25,80.43,37,2,1,51,7.68,32.2,25.16,13,0,1.5,4.25,Sunrisers Hyderabad,Sunrisers Hyderabad,0,0,0,0,51.3,12.07,2,0
2014,Piyush Chawla,Bowler,Indian,87,12.94,112.96,401,36,12,84,7.52,26.63,21.24,19,0,0.5,4.25,Kolkata Knight Riders,Kolkata Knight Riders,0,0,0,0,59.73,14.05,2,0
2014,Nathan Coulter-Nile,Bowler,Overseas,1,9.0,150.0,9,0,1,1,7.25,29.0,24.0,1,0,1.0,4.25,Delhi Daredevils,Delhi Capitals,0,0,0,0,40.12,9.44,2,1
2014,Aaron Finch,Batsman,Overseas,23,25.17,127.53,579,65,20,1,9.35,67.0,43.0,6,0,1.0,4.0,Sunrisers Hyderabad,Sunrisers Hyderabad,0,0,0,0,34.45,8.61,1,1
2014,Steve Smith,Batsman,Overseas,22,40.08,130.58,521,39,18,0,15.0,,,14,0,2.0,4.0,Rajasthan Royals,Rajasthan Royals,0,0,0,1,45.79,11.45,1,1
2014,Karn Sharma,Bowler,Indian,14,17.2,96.63,86,6,2,11,6.6,20.91,19.0,3,0,0.3,3.75,Sunrisers Hyderabad,Sunrisers Hyderabad,0,0,0,0,44.11,11.76,2,0
2014,Darren Sammy,Bowler,Overseas,10,29.0,131.82,174,11,10,8,7.52,21.0,16.75,3,0,1.0,3.5,Sunrisers Hyderabad,Sunrisers Hyderabad,0,0,0,0,41.19,11.77,2,1
2014,Quinton de Kock,Batsman,Overseas,3,2.0,40.0,6,1,0,0,,,,3,1,1.0,3.5,Delhi Daredevils,Delhi Capitals,0,0,1,1,6.47,1.85,1,1
2014,George Bailey,Batsman,Overseas,4,21.0,95.45,63,9,0,0,,,,1,0,2.0,3.25,Kings XI Punjab,Punjab Kings,0,0,1,1,27.37,8.42,1,1
2014,Brendon McCullum,Wicketkeeper-Batsman,Overseas,48,27.56,123.14,1240,127,48,0,,,,21,6,2.0,3.25,Chennai Super Kings,Chennai Super Kings,0,0,1,1,32.28,9.93,3,1
2014,Yusuf Pathan,All-Rounder,Indian,91,26.64,148.11,1838,154,98,37,7.25,32.76,27.11,24,0,2.0,3.25,Kolkata Knight Riders,Kolkata Knight Riders,0,0,0,0,43.5,13.38,0,0
2014,Pragyan Ojha,Bowler,Indian,79,1.09,32.43,12,0,0,85,7.18,22.69,18.95,14,0,2.0,3.25,Mumbai Indians,Mumbai Indians,0,0,0,0,60.78,18.7,2,0
2014,Virender Sehwag,Batsman,Indian,79,29.38,160.32,2174,266,85,6,10.37,39.17,22.67,29,0,2.0,3.2,Kings XI Punjab,Punjab Kings,0,0,0,0,41.64,13.01,1,0
2014,Rishi Dhawan,Bowler,Indian,6,7.0,100.0,21,3,0,2,7.27,54.5,45.0,3,0,0.2,3.0,Kings XI Punjab,Punjab Kings,0,0,0,0,40.32,13.44,2,0
2014,Manoj Tiwary,Batsman,Indian,65,28.59,112.06,1115,99,23,1,11.25,45.0,24.0,33,0,2.0,2.8,Delhi Daredevils,Delhi Capitals,0,0,0,0,35.03,12.51,1,0
2014,Shakib Al Hasan,Bowler,Overseas,15,15.0,125.0,120,10,3,23,6.67,16.09,14.48,2,0,1.0,2.8,Kolkata Knight Riders,Kolkata Knight Riders,0,0,0,0,46.87,16.74,2,1
2014,Morne Morkel,Bowler,Overseas,41,10.64,140.96,117,11,5,45,7.62,27.09,21.33,4,0,1.5,2.8,Kolkata Knight Riders,Kolkata Knight Riders,0,0,0,0,49.98,17.85,2,1
2014,Ranganath Vinay Kumar,Bowler,Indian,76,11.96,114.34,287,20,8,84,8.27,25.92,18.8,23,0,1.5,2.8,Kolkata Knight Riders,Kolkata Knight Riders,0,0,0,0,57.94,20.69,2,0
2014,Jaydev Unadkat,Bowler,Indian,24,,100.0,2,0,0,23,7.93,27.7,20.96,4,0,1.0,2.8,Delhi Daredevils,Delhi Capitals,1,0,0,0,43.87,15.67,2,0
2014,Parthiv Patel,Wicketkeeper-Batsman,Indian,67,20.79,109.14,1206,148,17,0,,,,27,7,1.0,2.75,Royal Challengers Bangalore,Royal Challengers Bengaluru,0,0,1,1,27.52,10.01,3,0
2014,Zaheer Khan,Bowler,Indian,63,9.9,91.67,99,10,1,70,7.74,26.14,20.26,16,0,1.0,2.6,Mumbai Indians,Mumbai Indians,0,0,0,0,55.79,21.46,2,0
2014,Umesh Yadav,Bowler,Indian,47,11.0,81.48,44,3,1,43,8.21,30.91,22.58,11,0,1.0,2.6,Kolkata Knight Riders,Kolkata Knight Riders,0,0,0,0,48.08,18.49,2,0
2014,Brad Hodge,Batsman,Overseas,62,33.31,124.19,1299,118,37,17,7.77,17.82,13.76,20,0,2.0,2.4,Rajasthan Royals,Rajasthan Royals,0,0,0,0,40.02,16.68,1,1
2014,Albie Morkel,All-Rounder,Overseas,77,23.66,144.76,828,51,48,76,8.1,27.08,20.07,13,0,1.5,2.4,Royal Challengers Bangalore,Royal Challengers Bengaluru,0,0,0,0,45.94,19.14,0,1
2014,Irfan Pathan,All-Rounder,Indian,88,23.02,122.95,1082,83,38,76,7.68,31.01,24.22,25,0,1.5,2.4,Sunrisers Hyderabad,Sunrisers Hyderabad,0,0,0,0,44.84,18.68,0,0
2014,Jean-Paul Duminy,All-Rounder,Overseas,39,36.22,119.27,978,61,35,10,7.11,37.7,31.8,15,0,1.0,2.2,Delhi Daredevils,Delhi Capitals,0,0,0,0,42.1,19.14,0,1
2014,Shaun Marsh,Batsman,Overseas,50,44.26,133.26,1903,203,63,0,,,,21,0,2.0,2.2,Kings XI Punjab,Punjab Kings,0,0,1,1,49.2,22.36,1,1
2014,Wriddhiman Saha,Wicketkeeper-Batsman,Indian,46,27.62,127.75,442,32,20,0,,,,16,5,1.0,2.2,Kings XI Punjab,Punjab Kings,0,0,1,1,32.15,14.61,3,0
2014,Ross Taylor,Batsman,Overseas,51,25.89,125.56,958,60,46,0,12.0,,,16,0,2.0,2.0,Delhi Daredevils,Delhi Capitals,0,0,0,1,34.73,17.36,1,1
2014,Varun Aaron,Bowler,Indian,12,0.5,12.5,1,0,0,10,8.21,35.3,25.8,1,0,1.5,2.0,Royal Challengers Bangalore,Royal Challengers Bengaluru,0,0,0,0,40.03,20.02,2,0
2014,Ashish Nehra,Bowler,Indian,54,6.5,72.22,39,3,1,59,7.78,25.56,19.71,12,0,2.0,2.0,Chennai Super Kings,Chennai Super Kings,0,0,0,0,53.01,26.5,2,0
2014,Mohit Sharma,Bowler,Indian,15,0.0,0.0,0,0,0,20,6.43,16.3,15.2,2,0,1.0,2.0,Chennai Super Kings,Chennai Super Kings,0,0,0,0,46.71,23.36,2,0
2014,Kedar Jadhav,Batsman,Indian,23,18.92,121.18,246,16,7,0,,,,6,2,0.3,2.0,Delhi Daredevils,Delhi Capitals,0,0,1,1,29.06,14.53,1,0
2014,Cheteshwar Pujara,Batsman,Indian,24,18.93,99.25,265,33,4,0,,,,6,0,1.5,1.9,Kings XI Punjab,Punjab Kings,0,0,1,1,26.33,13.86,1,0
2014,Rahul Sharma,Bowler,Indian,42,4.71,88.0,66,5,3,39,6.87,26.18,22.87,10,0,0.5,1.9,Delhi Daredevils,Delhi Capitals,0,0,0,0,50.3,26.47,2,0
2014,Lakshmipathy Balaji,Bowler,Indian,64,5.0,76.09,35,2,1,64,7.93,27.02,20.44,9,0,0.5,1.8,Kings XI Punjab,Punjab Kings,0,0,0,0,53.87,29.93,2,0
2014,Manish Pandey,Batsman,Indian,48,24.87,113.99,945,95,26,0,,,,24,0,0.2,1.7,Kolkata Knight Riders,Kolkata Knight Riders,0,0,1,1,32.54,19.14,1,0
2014,Rajat Bhatia,Bowler,Indian,68,10.23,116.58,225,19,7,51,7.38,27.29,22.2,16,0,0.3,1.7,Rajasthan Royals,Rajasthan Royals,0,0,0,0,52.01,30.59,2,0
2014,Thisara Perera,All-Rounder,Overseas,23,20.15,130.35,262,16,14,21,8.23,30.24,22.05,8,0,0.5,1.6,Kings XI Punjab,Punjab Kings,0,0,0,0,36.89,23.06,0,1
2014,Mayank Agarwal,Batsman,Indian,28,18.83,127.35,433,41,22,0,,,,15,0,0.1,1.6,Delhi Daredevils,Delhi Capitals,0,0,1,1,29.76,18.6,1,0
2014,Aditya Tare,Batsman,Indian,12,19.22,144.17,173,19,8,0,,,,1,2,0.2,1.6,Mumbai Indians,Mumbai Indians,0,0,1,1,32.15,20.09,1,0
2014,Ashok Dinda,Bowler,Indian,55,1.88,51.72,15,1,0,52,7.9,26.75,20.33,6,0,1.0,1.5,Royal Challengers Bangalore,Royal Challengers Bengaluru,0,0,0,0,51.02,34.01,2,0
2014,Laxmi Ratan Shukla,All-Rounder,Indian,42,15.58,119.87,374,31,15,14,8.47,26.0,18.43,14,0,0.5,1.5,Delhi Daredevils,Delhi Capitals,0,0,0,0,33.42,22.28,0,0
2014,Ishwar Pandey,Bowler,Indian,2,0.0,0.0,0,0,0,1,12.5,50.0,24.0,0,0,0.1,1.5,Chennai Super Kings,Chennai Super Kings,0,0,0,0,27.62,18.41,2,0
2014,Chris Lynn,Batsman,Overseas,1,6.0,66.67,6,1,0,0,,,,1,0,0.5,1.3,Kolkata Knight Riders,Kolkata Knight Riders,0,0,1,1,12.75,9.81,1,1
2014,Gurkeerat Singh,Batsman,Indian,16,17.64,131.97,194,22,5,0,,,,6,1,0.2,1.3,Kings XI Punjab,Punjab Kings,0,0,1,1,29.47,22.67,1,0
2014,Tim Southee,Bowler,Overseas,5,,,0,0,0,4,8.74,41.5,28.5,0,0,0.5,1.2,Rajasthan Royals,Rajasthan Royals,1,1,0,0,37.31,31.09,2,1
2014,Jasprit Bumrah,Bowler,Indian,2,,,0,0,0,3,10.0,23.33,14.0,0,0,0.2,1.2,Mumbai Indians,Mumbai Indians,1,1,0,0,34.07,28.39,2,0
2014,Dhawal Kulkarni,Bowler,Indian,33,7.67,54.76,23,2,0,36,7.97,23.5,17.69,5,0,0.3,1.1,Rajasthan Royals,Rajasthan Royals,0,0,0,0,46.95,42.68,2,0
2014,Murali Kartik,Bowler,Indian,54,16.14,104.63,113,7,1,30,7.07,43.23,36.7,17,0,1.0,1.0,Kings XI Punjab,Punjab Kings,0,0,0,0,47.63,47.63,2,0
2014,Muttiah Muralitharan,Bowler,Overseas,61,3.33,66.67,20,1,0,61,6.63,25.93,23.48,14,0,1.0,1.0,Royal Challengers Bangalore,Royal Challengers Bengaluru,0,0,0,0,56.24,56.24,2,1
2014,Moises Henriques,All-Rounder,Overseas,15,30.57,125.88,214,24,4,10,8.76,32.7,22.4,9,0,1.0,1.0,Sunrisers Hyderabad,Sunrisers Hyderabad,0,0,0,0,38.47,38.47,0,1
2014,Abhishek Nayar,All-Rounder,Indian,55,17.97,118.68,629,50,19,9,8.44,35.78,25.44,12,0,0.3,1.0,Rajasthan Royals,Rajasthan Royals,0,0,0,0,33.65,33.65,0,0
2014,Ben Hilfenhaus,Bowler,Overseas,9,,,0,0,0,14,6.85,16.64,14.57,0,0,1.0,1.0,Chennai Super Kings,Chennai Super Kings,1,1,0,0,44.25,44.25,2,1
2014,Kane Richardson,Bowler,Overseas,3,17.0,94.44,34,2,1,2,8.54,50.5,35.5,0,0,1.0,1.0,Rajasthan Royals,Rajasthan Royals,0,0,0,0,37.3,37.3,2,1
2014,Wayne Parnell,Bowler,Overseas,18,7.62,83.56,61,4,1,20,7.34,23.9,19.55,3,0,1.0,1.0,Delhi Daredevils,Delhi Capitals,0,0,0,0,44.54,44.54,2,1
2014,KL Rahul,Batsman,Indian,5,10.0,125.0,20,4,0,0,,,,2,0,0.1,1.0,Sunrisers Hyderabad,Sunrisers Hyderabad,0,0,1,1,22.98,22.98,1,0
2014,Ryan Ten Doeschate,Batsman,Overseas,13,30.43,135.67,213,19,8,1,7.86,55.0,42.0,4,0,1.0,1.0,Kolkata Knight Riders,Kolkata Knight Riders,0,0,0,0,39.33,39.33,1,1
2014,Parvez Rasool,Bowler,Indian,2,5.0,55.56,5,0,0,1,5.6,28.0,30.0,0,0,0.2,0.95,Sunrisers Hyderabad,Sunrisers Hyderabad,0,0,0,0,44.05,46.37,2,0
2014,Ravi Rampaul,Bowler,Overseas,10,9.5,102.7,38,3,1,15,7.03,18.13,15.47,4,0,0.5,0.9,Royal Challengers Bangalore,Royal Challengers Bengaluru,0,0,0,0,44.06,48.96,2,1
2014,Sandeep Sharma,Bowler,Indian,4,,0.0,0,0,0,8,7.44,14.88,12.0,0,0,0.3,0.85,Kings XI Punjab,Punjab Kings,1,0,0,0,41.38,48.68,2,0
2014,Shahbaz Nadeem,Bowler,Indian,29,2.33,46.67,14,1,0,21,6.66,34.24,30.86,4,0,0.3,0.85,Delhi Daredevils,Delhi Capitals,0,0,0,0,46.41,54.6,2,0
2014,Mandeep Singh,Batsman,Indian,41,21.23,120.42,743,94,8,0,,,,12,0,0.3,0.8,Kings XI Punjab,Punjab Kings,0,0,1,1,30.66,38.32,1,0
2014,Jason Holder,Bowler,Overseas,6,,,0,0,0,2,8.4,84.0,60.0,3,0,0.5,0.75,Sunrisers Hyderabad,Sunrisers Hyderabad,1,1,0,0,37.63,50.17,2,1
2014,Karun Nair,Batsman,Indian,2,4.5,75.0,9,0,0,0,,,,0,0,0.1,0.75,Rajasthan Royals,Rajasthan Royals,0,0,1,1,12.68,16.91,1,0
2014,Saurabh Tiwary,Batsman,Indian,62,25.54,117.39,945,58,36,0,,,,14,0,0.5,0.7,Delhi Daredevils,Delhi Capitals,0,0,1,1,33.45,47.79,1,0
2014,Suryakumar Yadav,Batsman,Indian,1,0.0,0.0,0,0,0,0,,,,0,0,0.2,0.7,Kolkata Knight Riders,Kolkata Knight Riders,0,0,1,1,0.0,0.0,1,0
2014,Parvinder Awana,Bowler,Indian,26,2.5,35.71,5,0,0,32,7.76,24.5,18.94,4,0,0.5,0.65,Kings XI Punjab,Punjab Kings,0,0,0,0,46.47,71.49,2,0
2014,Unmukt Chand,Batsman,Indian,13,15.08,96.08,196,19,7,0,,,,5,0,0.3,0.65,Rajasthan Royals,Rajasthan Royals,0,0,1,1,23.1,35.54,1,0
2014,Andre Russell,Bowler,Overseas,7,14.5,145.0,58,3,3,1,9.96,229.0,138.0,1,0,0.5,0.6,Kolkata Knight Riders,Kolkata Knight Riders,0,0,0,0,33.67,56.12,2,1
2014,Manvinder Bisla,Wicketkeeper-Batsman,Indian,36,21.66,114.33,758,87,22,0,,,,18,7,0.3,0.6,Kolkata Knight Riders,Kolkata Knight Riders,0,0,1,1,28.55,47.58,3,0
2014,Naman Ojha,Wicketkeeper-Batsman,Indian,56,22.02,117.6,969,86,50,0,,,,29,8,0.5,0.5,Sunrisers Hyderabad,Sunrisers Hyderabad,0,0,1,1,29.71,59.42,3,0
2014,Siddarth Kaul,Bowler,Indian,6,,77.78,7,0,0,4,7.79,42.5,32.75,1,0,0.2,0.45,Delhi Daredevils,Delhi Capitals,1,0,0,0,39.57,87.93,2,0
2014,Rahul Shukla,Bowler,Indian,4,,50.0,1,0,0,3,10.0,36.67,22.0,2,0,0.2,0.4,Delhi Daredevils,Delhi Capitals,1,0,0,0,34.07,85.18,2,0
2014,Harshal Patel,Bowler,Indian,11,7.5,100.0,15,1,0,9,8.29,37.78,27.33,7,0,0.3,0.4,Royal Challengers Bangalore,Royal Challengers Bengaluru,0,0,0,0,39.6,99.0,2,0
2014,Veer Pratap Singh,Bowler,Indian,9,0.0,0.0,0,0,0,10,8.71,29.6,20.4,0,0,0.2,0.4,Kolkata Knight Riders,Kolkata Knight Riders,0,0,0,0,38.84,97.1,2,0
2014,Samuel Badree,Bowler,Overseas,1,,,0,0,0,0,8.5,,,0,0,0.3,0.3,Chennai Super Kings,Chennai Super Kings,1,1,0,1,36.9,123.0,2,1
2014,Marchant de Lange,Bowler,Overseas,3,,,0,0,0,3,10.7,35.67,20.0,0,0,0.3,0.3,Mumbai Indians,Mumbai Indians,1,1,0,0,32.4,108.0,2,1
2014,Kevon Cooper,Bowler,Overseas,20,12.83,183.33,77,7,5,29,7.99,21.48,16.14,9,0,0.3,0.3,Rajasthan Royals,Rajasthan Royals,0,0,0,0,45.19,150.63,2,1
2014,Mithun Manhas,Batsman,Indian,43,22.81,107.16,479,40,9,0,6.0,,,17,0,0.3,0.3,Chennai Super Kings,Chennai Super Kings,0,0,0,1,30.17,100.57,1,0
2014,Abu Nechim Ahmed,Bowler,Indian,10,,110.0,22,1,1,8,8.29,32.12,23.25,2,0,0.3,0.3,Royal Challengers Bangalore,Royal Challengers Bengaluru,1,0,0,0,39.36,131.2,2,0
2014,Prasanth Parameswaran,Bowler,Indian,8,,50.0,1,0,0,9,8.73,24.89,17.11,0,0,0.3,0.3,Sunrisers Hyderabad,Sunrisers Hyderabad,1,0,0,0,38.55,128.5,2,0
2014,Dishant Yagnik,Wicketkeeper-Batsman,Indian,24,16.6,126.72,166,23,2,0,,,,11,5,0.3,0.3,Rajasthan Royals,Rajasthan Royals,0,0,1,1,25.56,85.2,3,0
2014,Srikkanth Anirudha,Batsman,Indian,19,19.0,123.15,133,9,7,0,,,,11,0,0.2,0.2,Sunrisers Hyderabad,Sunrisers Hyderabad,0,0,1,1,29.36,146.8,1,0
2014,Debabrata Das,Batsman,Indian,31,21.71,116.48,304,23,16,0,,,,7,0,0.2,0.2,Kolkata Knight Riders,Kolkata Knight Riders,0,0,1,1,30.52,152.6,1,0
2014,CM Gautam,Batsman,Indian,3,22.0,129.41,44,4,1,0,,,,0,0,0.2,0.2,Mumbai Indians,Mumbai Indians,0,0,1,1,32.35,161.75,1,0
2014,Anureet Singh,Bowler,Indian,3,,,0,0,0,2,9.4,23.5,15.0,0,0,0.2,0.2,Kings XI Punjab,Punjab Kings,1,1,0,0,35.25,176.25,2,0
2014,Shadab Jakati,Bowler,Indian,50,27.0,100.0,27,3,0,45,7.75,26.22,20.29,15,0,0.2,0.2,Royal Challengers Bangalore,Royal Challengers Bengaluru,0,0,0,0,49.67,248.35,2,0
2014,Amit Paunikar,Batsman,Indian,5,9.8,84.48,49,9,0,0,,,,1,0,0.2,0.2,Sunrisers Hyderabad,Sunrisers Hyderabad,0,0,1,1,17.77,88.85,1,0
2014,Vikramjeet Malik,Bowler,Indian,12,6.0,120.0,6,1,0,5,7.44,46.4,37.4,1,0,0.2,0.2,Rajasthan Royals,Rajasthan Royals,0,0,0,0,40.65,203.25,2,0
2014,Ashish Reddy,Bowler,Indian,21,16.0,135.59,160,11,6,14,9.07,21.93,14.5,6,0,0.2,0.2,Sunrisers Hyderabad,Sunrisers Hyderabad,0,0,0,0,38.96,194.8,2,0
2014,Sachin Rana,Batsman,Indian,2,18.0,112.5,18,2,0,0,3.0,,,0,0,0.2,0.2,Royal Challengers Bangalore,Royal Challengers Bengaluru,0,0,0,1,27.3,136.5,1,0
2014,Manprit Juneja,Batsman,Indian,7,17.86,97.66,125,11,1,0,,,,0,0,0.1,0.1,Sunrisers Hyderabad,Sunrisers Hyderabad,0,0,1,1,25.34,253.4,1,0
2014,Yogesh Takawale,Wicketkeeper-Batsman,Indian,11,29.33,101.15,88,9,2,0,,,,11,3,0.1,0.1,Royal Challengers Bangalore,Royal Challengers Bengaluru,0,0,1,1,29.24,292.4,3,0
2014,Pawan Negi,Bowler,Indian,9,18.0,124.14,36,4,1,7,6.92,25.71,22.29,1,0,0.1,0.1,Chennai Super Kings,Chennai Super Kings,0,0,0,0,42.37,423.7,2,0
2014,Yuzvendra Chahal,Bowler,Indian,1,,,0,0,0,0,8.5,,,0,0,0.1,0.1,Royal Challengers Bangalore,Royal Challengers Bengaluru,1,1,0,1,36.9,369.0,2,0
2014,Pravin Tambe,Bowler,Indian,3,,50.0,3,0,0,1,8.0,88.0,66.0,0,0,0.1,0.1,Rajasthan Royals,Rajasthan Royals,1,0,0,0,38.34,383.4,2,0
2014,Pawan Suyal,Bowler,Indian,1,,,0,0,0,1,7.0,21.0,18.0,1,0,0.1,0.1,Mumbai Indians,Mumbai Indians,1,1,0,0,40.72,407.2,2,0
2014,Ankit Nagendra Sharma,Bowler,Indian,10,6.0,138.46,18,0,2,4,6.96,45.5,39.25,1,0,0.1,0.1,Rajasthan Royals,Rajasthan Royals,0,0,0,0,41.55,415.5,2,0
2015,Yuvraj Singh,All-Rounder,Indian,84,26.5,131.75,1855,130,110,34,7.23,26.71,22.18,22,0,2.0,16.0,Delhi Daredevils,Delhi Capitals,0,0,0,0,42.09,2.63,0,0
2015,Dinesh Karthik,Wicketkeeper-Batsman,Indian,106,24.89,124.23,2066,203,53,0,,,,55,19,2.0,10.5,Royal Challengers Bangalore,Royal Challengers Bengaluru,0,0,1,1,38.94,3.71,3,0
2015,Angelo Mathews,All-Rounder,Overseas,35,24.91,123.42,548,30,22,20,8.02,38.85,29.05,12,0,1.5,7.5,Delhi Daredevils,Delhi Capitals,0,0,0,0,38.33,5.11,0,1
2015,Zaheer Khan,Bowler,Indian,69,9.73,93.04,107,10,2,75,7.64,26.35,20.69,16,0,1.0,4.0,Delhi Daredevils,Delhi Capitals,0,0,0,0,57.25,14.31,2,0
2015,Amit Mishra,Bowler,Indian,86,11.62,97.89,279,25,3,102,7.19,22.2,18.52,9,0,0.1,3.5,Delhi Daredevils,Delhi Capitals,0,0,0,0,64.9,18.54,2,0
2015,Aaron Finch,Batsman,Overseas,36,26.12,123.85,888,96,29,1,9.35,67.0,43.0,12,0,1.0,3.2,Mumbai Indians,Mumbai Indians,0,0,0,0,34.69,10.84,1,1
2015,Murali Vijay,Batsman,Indian,75,25.45,125.23,1807,160,71,0,13.0,,,41,0,0.5,3.0,Kings XI Punjab,Punjab Kings,0,0,0,1,34.37,11.46,1,0
2015,Darren Sammy,All-Rounder,Overseas,20,21.69,126.46,282,15,18,11,8.94,29.55,19.82,8,0,1.0,2.8,Royal Challengers Bangalore,Royal Challengers Bengaluru,0,0,0,0,35.15,12.55,0,1
2015,Praveen Kumar,Bowler,Indian,85,9.7,114.57,291,18,17,68,7.48,34.85,27.94,8,0,0.5,2.2,Sunrisers Hyderabad,Sunrisers Hyderabad,0,0,0,0,55.92,25.42,2,0
2015,Kevin Pietersen,Batsman,Overseas,32,37.12,136.07,928,87,37,7,7.41,30.71,24.86,11,0,2.0,2.0,Sunrisers Hyderabad,Sunrisers Hyderabad,0,0,0,0,44.3,22.15,1,1
2015,Michael Hussey,Batsman,Overseas,55,40.43,123.22,1900,193,49,0,,,,25,0,1.5,1.5,Chennai Super Kings,Chennai Super Kings,0,0,1,1,45.13,30.09,1,1
2015,Irfan Pathan,All-Rounder,Indian,98,23.2,121.73,1137,88,38,80,7.75,32.02,24.79,27,0,1.5,1.5,Chennai Super Kings,Chennai Super Kings,0,0,0,0,45.24,30.16,0,0
2015,Eoin Morgan,Batsman,Overseas,32,20.83,123.77,479,47,17,0,,,,13,0,1.5,1.5,Sunrisers Hyderabad,Sunrisers Hyderabad,0,0,1,1,30.79,20.53,1,1
2015,Chris Morris,Bowler,Overseas,16,7.0,87.5,14,0,0,15,8.02,26.73,20.0,5,0,0.5,1.4,Rajasthan Royals,Rajasthan Royals,0,0,0,0,41.71,29.79,2,1
2015,Jaydev Unadkat,Bowler,Indian,33,3.0,37.5,3,0,0,32,8.13,28.34,20.91,4,0,0.5,1.1,Delhi Daredevils,Delhi Capitals,0,0,0,0,45.59,41.45,2,0
2015,Ravi Bopara,Batsman,Overseas,15,29.69,115.92,386,33,10,5,9.21,26.4,17.2,3,0,1.0,1.0,Sunrisers Hyderabad,Sunrisers Hyderabad,0,0,0,0,36.32,36.32,1,1
2015,James Neesham,Bowler,Overseas,4,14.0,91.3,42,3,1,1,10.11,91.0,54.0,0,0,0.3,0.5,Kolkata Knight Riders,Kolkata Knight Riders,0,0,0,0,33.32,66.64,2,1
2015,Brad Hogg,Bowler,Overseas,10,7.5,93.75,15,1,0,10,7.22,28.4,23.6,1,0,0.5,0.5,Kolkata Knight Riders,Kolkata Knight Riders,0,0,0,0,42.39,84.78,2,1
2015,Pragyan Ojha,Bowler,Indian,91,1.33,35.56,16,0,0,89,7.34,25.94,21.2,14,0,0.5,0.5,Mumbai Indians,Mumbai Indians,0,0,0,0,61.37,122.74,2,0
2015,Rahul Sharma,Bowler,Indian,44,4.71,88.0,66,5,3,40,7.02,27.15,23.2,10,0,0.3,0.3,Chennai Super Kings,Chennai Super Kings,0,0,0,0,50.18,167.27,2,0
2015,Albie Morkel,All-Rounder,Overseas,84,22.97,142.41,873,52,51,80,8.08,27.3,20.26,15,0,0.3,0.3,Delhi Daredevils,Delhi Capitals,0,0,0,0,46.05,153.5,0,1
2015,Abhimanyu Mithun,Bowler,Indian,16,6.8,130.77,34,4,1,7,9.83,67.43,41.14,7,0,0.3,0.3,Mumbai Indians,Mumbai Indians,0,0,0,0,35.45,118.17,2,0
2015,Aiden Blizzard,Batsman,Overseas,7,17.14,133.33,120,21,2,0,,,,4,0,0.3,0.3,Mumbai Indians,Mumbai Indians,0,0,1,1,29.27,97.57,1,1
2015,Rusty Theron,Bowler,Overseas,9,4.5,81.82,9,1,0,10,7.98,26.2,19.7,1,0,0.3,0.3,Rajasthan Royals,Rajasthan Royals,0,0,0,0,40.58,135.27,2,1
2015,Subramaniam Badrinath,Batsman,Indian,94,30.66,118.89,1441,154,28,0,,,,16,0,0.3,0.3,Royal Challengers Bangalore,Royal Challengers Bengaluru,0,0,1,1,37.41,124.7,1,0
2015,Laxmi Ratan Shukla,All-Rounder,Indian,47,15.0,115.71,405,33,16,15,8.54,29.8,20.93,15,0,0.3,0.3,Sunrisers Hyderabad,Sunrisers Hyderabad,0,0,0,0,32.98,109.93,0,0
2015,CM Gautam,Wicketkeeper-Batsman,Indian,12,18.33,113.79,165,17,6,0,,,,3,3,0.2,0.2,Delhi Daredevils,Delhi Capitals,0,0,1,1,24.04,120.2,3,0
2015,Sumit Narwal,Bowler,Indian,7,12.33,137.04,37,6,0,5,11.43,40.4,21.2,1,0,0.1,0.1,Kolkata Knight Riders,Kolkata Knight Riders,0,0,0,0,31.15,311.5,2,0
2015,Dinesh Salunkhe,Bowler,Indian,6,16.5,137.5,33,5,0,1,9.96,78.0,47.0,2,0,0.1,0.1,Rajasthan Royals,Rajasthan Royals,0,0,0,0,33.67,336.7,2,0
2015,Padmanabhan Prasanth,Bowler,Indian,1,,,0,0,0,0,18.0,,,0,0,0.1,0.1,Sunrisers Hyderabad,Sunrisers Hyderabad,1,1,0,1,14.29,142.9,2,0
2015,Hanuma Vihari,Batsman,Indian,17,17.21,86.69,241,17,1,1,6.33,38.0,36.0,4,0,0.1,0.1,Sunrisers Hyderabad,Sunrisers Hyderabad,0,0,0,0,23.49,234.9,1,0
2015,Siddarth Kaul,Bowler,Indian,11,,81.82,9,0,0,6,8.5,49.33,34.83,1,0,0.1,0.1,Sunrisers Hyderabad,Sunrisers Hyderabad,1,0,0,0,38.37,383.7,2,0
2016,Shane Watson,All-Rounder,Unknown,78,36.03,141.3,2378,238,109,61,7.5,27.89,22.31,19,0,2.0,9.5,Royal Challengers Bangalore,Royal Challengers Bengaluru,0,0,0,0,49.16,5.17,0,2
2016,Pawan Negi,Bowler,Unknown,21,15.2,149.02,152,14,6,13,8.05,39.0,29.08,6,0,0.3,8.5,Delhi Daredevils,Delhi Capitals,0,0,0,0,41.15,4.84,2,2
2016,Yuvraj Singh,All-Rounder,Unknown,98,25.34,129.98,2103,153,120,35,7.28,28.0,23.09,24,0,2.0,7.0,Sunrisers Hyderabad,Sunrisers Hyderabad,0,0,0,0,41.61,5.94,0,2
2016,Chris Morris,Bowler,Unknown,27,22.5,145.16,90,3,5,29,7.81,25.03,19.24,8,0,0.5,7.0,Delhi Daredevils,Delhi Capitals,0,0,0,0,45.62,6.52,2,2
2016,Mohit Sharma,Bowler,Unknown,47,7.25,111.54,29,1,2,57,7.8,22.09,17.0,10,0,1.5,6.5,Kings XI Punjab,Punjab Kings,0,0,0,0,52.47,8.07,2,2
2016,Ashish Nehra,Bowler,Unknown,74,5.71,65.57,40,3,1,89,7.75,23.58,18.26,15,0,2.0,5.5,Sunrisers Hyderabad,Sunrisers Hyderabad,0,0,0,0,60.4,10.98,2,2
2016,Mitchell Marsh,All-Rounder,Unknown,17,19.82,117.84,218,9,14,16,8.48,23.06,16.31,7,0,2.0,4.8,Rising Pune Supergiants,Rising Pune Supergiants,0,0,0,0,35.08,7.31,0,2
2016,Sanju Samson,Batsman,Unknown,38,24.16,121.99,749,60,30,0,,,,27,2,2.0,4.2,Delhi Daredevils,Delhi Capitals,0,0,1,1,33.01,7.86,1,2
2016,Deepak Hooda,Batsman,Unknown,14,16.78,158.95,151,6,11,1,8.51,129.0,91.0,1,0,0.1,4.2,Sunrisers Hyderabad,Sunrisers Hyderabad,0,0,0,0,32.21,7.67,1,2
2016,Karun Nair,Batsman,Unknown,27,22.61,133.68,520,56,14,0,,,,7,0,0.1,4.0,Delhi Daredevils,Delhi Capitals,0,0,1,1,33.34,8.34,1,2
2016,Paras Dogra,Batsman,Unknown,13,11.55,92.03,127,4,5,0,,,,5,0,0.1,4.0,Gujarat Lions,Gujarat Lions,0,0,1,1,20.0,5.0,1,2
2016,Ishant Sharma,Bowler,Unknown,66,9.25,80.43,37,2,1,55,7.96,34.58,26.05,13,0,2.0,3.8,Rising Pune Supergiants,Rising Pune Supergiants,0,0,0,0,51.61,13.58,2,2
2016,Praveen Kumar,Bowler,Unknown,97,9.33,110.39,308,19,17,75,7.65,35.99,28.21,11,0,0.5,3.5,Gujarat Lions,Gujarat Lions,0,0,0,0,57.22,16.35,2,2
2016,Kevin Pietersen,Batsman,Unknown,32,37.12,136.07,928,87,37,7,7.41,30.71,24.86,11,0,2.0,3.0,Rising Pune Supergiants,Rising Pune Supergiants,0,0,0,0,44.3,14.77,1,2
2016,Tim Southee,Bowler,Unknown,15,8.5,130.77,17,2,0,10,8.58,48.9,34.2,6,0,1.0,2.5,Mumbai Indians,Mumbai Indians,0,0,0,0,39.15,15.66,2,2
2016,Dwayne Smith,Batsman,Unknown,67,29.39,131.36,1822,178,93,16,8.65,31.81,22.06,31,0,0.5,2.3,Gujarat Lions,Gujarat Lions,0,0,0,0,38.03,16.53,1,2
2016,Dale Steyn,Bowler,Unknown,89,7.86,105.77,165,14,3,92,6.74,25.04,22.3,22,0,1.5,2.3,Gujarat Lions,Gujarat Lions,0,0,0,0,63.53,27.62,2,2
2016,Dinesh Karthik,Wicketkeeper-Batsman,Unknown,122,23.48,123.99,2207,218,57,0,,,,69,23,2.0,2.3,Gujarat Lions,Gujarat Lions,0,0,1,1,40.59,17.65,3,2
2016,Dhawal Kulkarni,Bowler,Unknown,52,12.4,79.49,62,3,2,55,7.99,24.44,18.35,10,0,2.0,2.3,Gujarat Lions,Gujarat Lions,0,0,0,0,51.53,22.4,2,2
2016,Stuart Binny,All-Rounder,Unknown,58,21.55,127.81,625,48,22,16,7.42,31.06,25.12,14,0,2.0,2.0,Royal Challengers Bangalore,Royal Challengers Bengaluru,0,0,0,0,37.6,18.8,0,2
2016,Kane Richardson,Bowler,Unknown,10,11.67,92.11,35,2,1,11,7.91,27.91,21.18,3,0,2.0,2.0,Royal Challengers Bangalore,Royal Challengers Bengaluru,0,0,0,0,40.99,20.5,2,2
2016,Jaydev Unadkat,Bowler,Unknown,34,3.0,37.5,3,0,0,32,8.18,29.28,21.47,4,0,0.3,1.6,Kolkata Knight Riders,Kolkata Knight Riders,0,0,0,0,45.47,28.42,2,2
2016,Ankit Rajpoot,Bowler,Unknown,2,,33.33,2,0,0,1,8.75,35.0,24.0,0,0,0.1,1.5,Kolkata Knight Riders,Kolkata Knight Riders,1,0,0,0,36.55,24.37,2,2
2016,John Hastings,Bowler,Unknown,1,,,0,0,0,1,9.67,29.0,18.0,0,0,1.0,1.3,Kolkata Knight Riders,Kolkata Knight Riders,1,1,0,0,34.36,26.43,2,2
2016,Barinder Sran,Bowler,Unknown,1,,,0,0,0,0,11.67,,,0,0,0.5,1.2,Sunrisers Hyderabad,Sunrisers Hyderabad,1,1,0,1,29.36,24.47,2,2
2016,Aditya Tare,Wicketkeeper-Batsman,Unknown,29,16.47,133.19,313,36,11,0,,,,2,5,0.2,1.2,Sunrisers Hyderabad,Sunrisers Hyderabad,0,0,1,1,26.13,21.78,3,2
2016,Irfan Pathan,All-Rounder,Unknown,98,23.2,121.73,1137,88,38,80,7.75,32.02,24.79,27,0,1.0,1.0,Rising Pune Supergiants,Rising Pune Supergiants,0,0,0,0,45.24,45.24,0,2
2016,Aaron Finch,Batsman,Unknown,39,25.31,121.47,911,100,29,1,9.35,67.0,43.0,12,0,1.0,1.0,Gujarat Lions,Gujarat Lions,0,0,0,0,33.79,33.79,1,2
2016,Thisara Perera,All-Rounder,Unknown,25,18.27,126.85,274,16,15,22,8.3,31.36,22.68,8,0,1.0,1.0,Rising Pune Supergiants,Rising Pune Supergiants,0,0,0,0,36.02,36.02,0,2
2016,KC Cariappa,Bowler,Unknown,1,,,0,0,0,1,14.0,28.0,12.0,0,0,0.1,0.8,Kings XI Punjab,Punjab Kings,1,1,0,0,24.05,30.06,2,2
2016,Jason Holder,Bowler,Unknown,7,16.0,133.33,16,2,1,3,8.83,67.67,46.0,5,0,0.5,0.7,Kolkata Knight Riders,Kolkata Knight Riders,0,0,0,0,36.85,52.64,2,2
2016,Rajat Bhatia,Bowler,Unknown,82,10.43,118.22,292,23,10,63,7.43,27.32,22.06,20,0,0.3,0.6,Rising Pune Supergiants,Rising Pune Supergiants,0,0,0,0,54.82,91.37,2,2
2016,Ben Cutting,Bowler,Unknown,1,8.0,133.33,8,0,1,1,7.75,31.0,24.0,1,0,0.5,0.5,Sunrisers Hyderabad,Sunrisers Hyderabad,0,0,0,0,38.93,77.86,2,2
2016,Ashok Dinda,Bowler,Unknown,66,2.11,46.34,19,1,0,57,8.12,30.23,22.33,7,0,0.5,0.5,Rising Pune Supergiants,Rising Pune Supergiants,0,0,0,0,51.71,103.42,2,2
2016,Samuel Badree,Bowler,Unknown,5,,,0,0,0,2,7.28,65.5,54.0,0,0,0.5,0.5,Royal Challengers Bangalore,Royal Challengers Bengaluru,1,1,0,0,40.3,80.6,2,2
2016,Vijay Shankar,Bowler,Unknown,1,,,0,0,0,0,19.0,,,0,0,0.1,0.35,Sunrisers Hyderabad,Sunrisers Hyderabad,1,1,0,1,11.9,34.0,2,2
2016,Abhimanyu Mithun,Bowler,Unknown,16,6.8,130.77,34,4,1,7,9.83,67.43,41.14,7,0,0.3,0.3,Sunrisers Hyderabad,Sunrisers Hyderabad,0,0,0,0,35.45,118.17,2,2
2016,R. P. Singh,Bowler,Unknown,78,3.47,68.42,52,2,1,87,7.85,25.6,19.57,27,0,0.3,0.3,Rising Pune Supergiants,Rising Pune Supergiants,0,0,0,0,59.67,198.9,2,2
2016,Pradeep Sangwan,Bowler,Unknown,31,5.5,70.97,22,1,0,30,8.44,30.87,21.93,6,0,0.2,0.2,Gujarat Lions,Gujarat Lions,0,0,0,0,44.36,221.8,2,2
2016,Ishwar Pandey,Bowler,Unknown,25,0.0,0.0,0,0,0,18,7.68,32.83,25.67,6,0,0.2,0.2,Rising Pune Supergiants,Rising Pune Supergiants,0,0,0,0,43.25,216.25,2,2
2016,Pravin Tambe,Bowler,Unknown,26,5.5,55.0,11,0,0,23,7.55,30.87,24.52,0,0,0.1,0.2,Gujarat Lions,Gujarat Lions,0,0,0,0,44.78,223.9,2,2
2016,Rajagopal Sathish,Batsman,Unknown,30,17.57,118.84,246,21,5,2,10.08,86.5,51.5,5,0,0.2,0.2,Kolkata Knight Riders,Kolkata Knight Riders,0,0,0,0,27.77,138.85,1,2
2016,Shadab Jakati,Bowler,Unknown,51,27.0,100.0,27,3,0,45,7.84,27.13,20.78,15,0,0.2,0.2,Gujarat Lions,Gujarat Lions,0,0,0,0,49.45,247.25,2,2
2016,Vikramjeet Malik,Bowler,Unknown,13,7.0,100.0,7,1,0,6,7.64,43.5,34.17,2,0,0.2,0.2,Royal Challengers Bangalore,Royal Challengers Bengaluru,0,0,0,0,40.42,202.1,2,2
2016,Sachin Baby,Batsman,Unknown,4,3.0,42.86,3,0,0,0,,,,2,0,0.1,0.1,Royal Challengers Bangalore,Royal Challengers Bengaluru,0,0,1,1,7.56,75.6,1,2
2016,Iqbal Abdulla,Bowler,Unknown,39,23.0,92.0,46,5,0,32,6.82,26.28,23.12,9,0,0.1,0.1,Royal Challengers Bangalore,Royal Challengers Bengaluru,0,0,0,0,48.71,487.1,2,2
2016,Ankit Sharma,Bowler,Unknown,17,9.83,120.41,59,5,3,11,7.04,30.82,26.27,3,0,0.1,0.1,Rising Pune Supergiants,Rising Pune Supergiants,0,0,0,0,43.06,430.6,2,2
2016,Sarabjit Ladda,Bowler,Unknown,8,0.0,0.0,0,0,0,5,9.67,40.6,25.2,1,0,0.1,0.1,Gujarat Lions,Gujarat Lions,0,0,0,0,35.34,353.4,2,2
2016,Tirumalasetti Suman,Batsman,Unknown,43,21.12,117.57,676,55,26,6,7.88,32.83,25.0,10,0,0.1,0.1,Sunrisers Hyderabad,Sunrisers Hyderabad,0,0,0,0,30.23,302.3,1,2
2016,Pawan Suyal,Bowler,Unknown,5,,,0,0,0,2,9.44,75.5,48.0,1,0,0.1,0.1,Delhi Daredevils,Delhi Capitals,1,1,0,0,35.15,351.5,2,2
2016,Amit Mishra,Bowler,Unknown,98,11.04,96.63,287,25,3,111,7.25,23.19,19.19,11,0,0.1,0.1,Gujarat Lions,Gujarat Lions,0,0,0,0,66.95,669.5,2,2
2016,Jaskaran Singh,Bowler,Unknown,8,8.0,72.73,8,0,0,6,10.06,28.5,17.0,0,0,0.1,0.1,Rising Pune Supergiants,Rising Pune Supergiants,0,0,0,0,34.65,346.5,2,2
2017,Trent Boult,Bowler,Unknown,8,,,0,0,0,10,8.59,27.5,19.2,3,0,1.5,5.0,Kolkata Knight Riders,Kolkata Knight Riders,1,1,0,0,39.13,7.83,2,2
2017,Pat Cummins,Bowler,Unknown,4,0.0,0.0,0,0,0,2,9.0,63.0,42.0,1,0,2.0,4.5,Delhi Daredevils,Delhi Capitals,0,0,0,0,36.2,8.04,2,2
2017,Nathan Coulter-Nile,Bowler,Unknown,18,7.6,100.0,38,3,2,21,7.5,23.38,18.71,6,0,1.0,3.5,Kolkata Knight Riders,Kolkata Knight Riders,0,0,0,0,44.41,12.69,2,2
2017,Karn Sharma,Bowler,Unknown,47,17.87,115.02,268,13,12,36,7.83,30.81,23.61,7,0,0.3,3.2,Mumbai Indians,Mumbai Indians,0,0,0,0,47.28,14.78,2,2
2017,Varun Aaron,Bowler,Unknown,36,14.0,93.33,42,2,2,31,8.75,34.06,23.35,2,0,0.3,2.8,Kings XI Punjab,Punjab Kings,0,0,0,0,43.87,15.67,2,2
2017,Eoin Morgan,Batsman,Unknown,48,21.92,122.71,789,66,32,0,,,,21,0,2.0,2.0,Kings XI Punjab,Punjab Kings,0,0,1,1,31.46,15.73,1,2
2017,Angelo Mathews,All-Rounder,Unknown,46,23.86,126.28,692,42,28,27,8.07,37.89,28.19,17,0,2.0,2.0,Delhi Daredevils,Delhi Capitals,0,0,0,0,38.92,19.46,0,2
2017,Mitchell Johnson,Bowler,Unknown,43,10.08,96.32,131,7,6,53,8.2,25.49,18.66,12,0,2.0,2.0,Mumbai Indians,Mumbai Indians,0,0,0,0,50.55,25.28,2,2
2017,Pawan Negi,All-Rounder,Unknown,29,17.42,129.81,209,16,9,14,8.21,42.21,30.86,8,0,0.3,1.0,Royal Challengers Bangalore,Royal Challengers Bengaluru,0,0,0,0,35.02,35.02,0,2
2017,Corey Anderson,Batsman,Unknown,16,31.58,136.33,379,32,21,5,9.86,43.4,26.4,6,0,1.0,1.0,Delhi Daredevils,Delhi Capitals,0,0,0,0,40.26,40.26,1,2
2017,M Ashwin,Bowler,Unknown,10,0.0,0.0,0,0,0,7,8.46,34.43,24.43,0,0,0.1,1.0,Delhi Daredevils,Delhi Capitals,0,0,0,0,38.71,38.71,2,2
2017,Daniel Christian,All-Rounder,Unknown,23,18.94,116.78,341,17,13,19,8.11,33.58,24.84,13,0,1.0,1.0,Rising Pune Supergiants,Rising Pune Supergiants,0,0,0,0,35.5,35.5,0,2
2017,Eklavya Dwivedi,Batsman,Unknown,4,12.0,171.43,24,2,2,0,,,,2,0,0.3,0.75,Sunrisers Hyderabad,Sunrisers Hyderabad,0,0,1,1,30.25,40.33,1,2
2017,Manpreet Gony,Bowler,Unknown,43,9.9,139.44,99,6,8,37,8.6,33.92,23.68,4,0,0.3,0.6,Gujarat Lions,Gujarat Lions,0,0,0,0,45.69,76.15,2,2
2017,Rishi Dhawan,Bowler,Unknown,26,21.86,113.33,153,13,4,18,7.87,35.56,27.11,6,0,0.3,0.55,Kolkata Knight Riders,Kolkata Knight Riders,0,0,0,0,42.8,77.82,2,2
2017,Martin Guptill,Batsman,Unknown,3,19.0,103.64,57,3,3,0,,,,0,0,0.5,0.5,Kings XI Punjab,Punjab Kings,0,0,1,1,26.93,53.86,1,2
2017,Chris Jordan,Bowler,Unknown,9,3.0,75.0,3,0,0,11,9.21,23.45,15.27,3,0,0.5,0.5,Sunrisers Hyderabad,Sunrisers Hyderabad,0,0,0,0,37.9,75.8,2,2
2017,Manoj Tiwary,Batsman,Unknown,78,28.78,113.26,1324,121,28,1,12.17,73.0,36.0,36,0,0.5,0.5,Rising Pune Supergiants,Rising Pune Supergiants,0,0,0,0,35.32,70.64,1,2
2017,Jaydev Unadkat,Bowler,Unknown,35,3.0,37.5,3,0,0,32,8.39,30.81,22.03,4,0,0.3,0.3,Rising Pune Supergiants,Rising Pune Supergiants,0,0,0,0,44.97,149.9,2,2
2017,Saurabh Tiwary,Batsman,Unknown,79,27.82,119.53,1224,84,45,0,,,,23,0,0.3,0.3,Mumbai Indians,Mumbai Indians,0,0,1,1,35.4,118.0,1,2
2017,Ben Laughlin,Bowler,Unknown,2,4.0,44.44,4,0,0,1,10.14,71.0,42.0,0,0,0.3,0.3,Sunrisers Hyderabad,Sunrisers Hyderabad,0,0,0,0,33.24,110.8,2,2
2017,Darren Sammy,All-Rounder,Unknown,22,19.67,122.41,295,15,18,11,8.9,31.82,21.45,9,0,0.3,0.3,Kings XI Punjab,Punjab Kings,0,0,0,0,34.2,114.0,0,2
2017,Munaf Patel,Bowler,Unknown,61,7.8,97.5,39,5,0,73,7.5,22.48,17.99,12,0,0.3,0.3,Gujarat Lions,Gujarat Lions,0,0,0,0,57.09,190.3,2,2
2017,Rahul Tewatia,Bowler,Unknown,4,16.0,123.08,16,0,1,3,7.5,30.0,24.0,0,0,0.1,0.25,Kings XI Punjab,Punjab Kings,0,0,0,0,40.02,160.08,2,2
2017,Aditya Tare,Wicketkeeper-Batsman,Unknown,32,15.29,128.4,321,37,11,0,,,,3,5,0.2,0.25,Delhi Daredevils,Delhi Capitals,0,0,1,1,24.96,99.84,3,2
2017,Pravin Tambe,Bowler,Unknown,33,9.0,46.15,18,1,0,28,7.75,30.46,23.57,1,0,0.1,0.1,Sunrisers Hyderabad,Sunrisers Hyderabad,0,0,0,0,45.52,455.2,2,2
2017,Ishank Jaggi,Batsman,Unknown,5,10.75,74.14,43,3,0,0,,,,2,0,0.1,0.1,Kolkata Knight Riders,Kolkata Knight Riders,0,0,1,1,17.17,171.7,1,2
2017,Akshdeep Nath,Batsman,Unknown,4,6.67,74.07,20,1,0,0,,,,0,0,0.1,0.1,Gujarat Lions,Gujarat Lions,0,0,1,1,14.16,141.6,1,2
2018,Ben Stokes,All-Rounder,Overseas,12,31.6,142.99,316,22,15,12,7.18,26.33,22.0,5,0,2.0,12.5,Rajasthan Royals,Rajasthan Royals,0,0,0,0,42.04,3.36,0,1
2018,Jaydev Unadkat,Bowler,Indian,47,5.0,38.46,5,0,0,56,8.01,23.36,17.5,9,0,1.5,11.5,Rajasthan Royals,Rajasthan Royals,0,0,0,0,51.73,4.5,2,0
2018,KL Rahul,Batsman,Indian,39,30.21,125.65,725,61,24,0,,,,12,4,2.0,11.0,Kings XI Punjab,Punjab Kings,0,0,1,1,37.92,3.45,1,0
2018,Manish Pandey,Batsman,Indian,103,28.5,120.36,2223,197,65,0,,,,47,0,1.0,11.0,Sunrisers Hyderabad,Sunrisers Hyderabad,0,0,1,1,36.0,3.27,1,0
2018,Chris Lynn,Batsman,Overseas,12,38.4,158.02,384,31,23,0,,,,6,0,2.0,9.6,Kolkata Knight Riders,Kolkata Knight Riders,0,0,1,1,47.99,5.0,1,1
2018,Mitchell Starc,Bowler,Overseas,27,13.71,97.96,96,10,0,34,7.17,20.38,17.06,16,0,2.0,9.4,Kolkata Knight Riders,Kolkata Knight Riders,0,0,0,0,48.36,5.14,2,1
2018,Glenn Maxwell,All-Rounder,Overseas,57,25.08,164.3,1229,96,82,11,8.87,43.55,29.45,22,0,2.0,9.0,Delhi Daredevils,Delhi Capitals,0,0,0,0,38.84,4.32,0,1
2018,Rashid Khan,Bowler,Overseas,14,5.5,122.22,11,0,1,17,6.63,21.06,19.06,5,0,2.0,9.0,Sunrisers Hyderabad,Sunrisers Hyderabad,0,0,0,0,45.5,5.06,2,1
2018,Krunal Pandya,All-Rounder,Indian,25,36.92,158.42,480,46,20,16,7.15,31.81,26.69,3,0,0.4,8.8,Mumbai Indians,Mumbai Indians,0,0,0,0,45.49,5.17,0,0
2018,Sanju Samson,Wicketkeeper-Batsman,Indian,66,25.46,124.43,1426,112,57,0,,,,34,3,1.0,8.0,Rajasthan Royals,Rajasthan Royals,0,0,1,1,29.29,3.66,3,0
2018,Kedar Jadhav,All-Rounder,Indian,64,23.5,134.89,893,72,33,0,,,,23,7,2.0,7.8,Chennai Super Kings,Chennai Super Kings,0,0,1,1,17.07,2.19,0,0
2018,Ravichandran Ashwin,All-Rounder,Indian,110,10.5,96.25,231,22,2,100,6.55,24.99,22.9,20,0,2.0,7.6,Kings XI Punjab,Punjab Kings,0,0,0,0,42.84,5.64,0,0
2018,Chris Woakes,All-Rounder,Overseas,13,11.5,97.87,46,4,1,17,8.77,22.71,15.53,5,0,2.0,7.4,Royal Challengers Bangalore,Royal Challengers Bengaluru,0,0,0,0,30.55,4.13,0,1
2018,Dinesh Karthik,Wicketkeeper-Batsman,Indian,152,24.81,125.94,2903,286,71,0,,,,88,26,2.0,7.4,Kolkata Knight Riders,Kolkata Knight Riders,0,0,1,1,43.44,5.87,3,0
2018,Andrew Tye,Bowler,Overseas,6,26.5,176.67,53,4,3,12,6.71,11.75,10.5,0,0,1.0,7.2,Kings XI Punjab,Punjab Kings,0,0,0,0,44.09,6.12,2,1
2018,Dwayne Bravo,All-Rounder,Overseas,105,22.95,126.33,1262,102,48,122,8.19,22.58,16.54,52,0,2.0,6.4,Chennai Super Kings,Chennai Super Kings,0,0,0,0,50.03,7.82,0,1
2018,Robin Uthappa,Wicketkeeper-Batsman,Indian,149,29.52,131.64,3778,377,125,0,,,,75,32,2.0,6.4,Kolkata Knight Riders,Kolkata Knight Riders,0,0,1,1,50.53,7.9,3,0
2018,Aaron Finch,Batsman,Overseas,65,27.66,130.09,1604,170,59,1,9.35,67.0,43.0,21,0,1.5,6.2,Kings XI Punjab,Punjab Kings,0,0,0,0,36.6,5.9,1,1
2018,Marcus Stoinis,All-Rounder,Overseas,12,23.29,123.48,163,14,4,10,9.07,30.4,20.1,3,0,2.0,6.2,Kings XI Punjab,Punjab Kings,0,0,0,0,35.27,5.69,0,1
2018,Ishan Kishan,Wicketkeeper-Batsman,Indian,16,21.27,129.15,319,34,13,0,,,,5,0,0.4,6.2,Mumbai Indians,Mumbai Indians,0,0,1,1,25.43,4.1,3,0
2018,Yuzvendra Chahal,Bowler,Indian,56,5.0,53.57,15,0,0,70,7.9,22.41,17.01,13,0,2.0,6.0,Royal Challengers Bangalore,Royal Challengers Bengaluru,0,0,0,0,55.41,9.24,2,0
2018,Kuldeep Yadav,Bowler,Indian,15,10.0,90.91,20,2,0,18,8.3,24.44,17.67,1,0,1.5,5.8,Kolkata Knight Riders,Kolkata Knight Riders,0,0,0,0,41.77,7.2,2,0
2018,Karun Nair,Batsman,Indian,55,25.17,126.97,1158,135,26,0,,,,12,0,0.5,5.6,Kings XI Punjab,Punjab Kings,0,0,1,1,34.38,6.14,1,0
2018,Kieron Pollard,All-Rounder,Overseas,123,28.7,146.88,2353,158,148,56,8.86,31.61,21.41,64,0,2.0,5.4,Mumbai Indians,Mumbai Indians,0,0,0,0,44.58,8.26,0,1
2018,Pat Cummins,Bowler,Overseas,16,12.83,140.0,77,5,4,17,8.29,29.35,21.24,2,0,2.0,5.4,Mumbai Indians,Mumbai Indians,0,0,0,0,41.55,7.69,2,1
2018,Shikhar Dhawan,Batsman,Indian,127,32.67,121.87,3561,401,71,4,8.25,16.5,12.0,52,0,2.0,5.2,Sunrisers Hyderabad,Sunrisers Hyderabad,0,0,0,0,39.26,7.55,1,0
2018,Wriddhiman Saha,Wicketkeeper-Batsman,Indian,103,25.52,130.73,1557,130,57,0,,,,52,17,1.0,5.0,Sunrisers Hyderabad,Sunrisers Hyderabad,0,0,1,1,38.71,7.74,3,0
2018,Karn Sharma,Bowler,Indian,56,15.1,115.69,317,18,14,49,7.68,27.0,21.1,9,0,2.0,5.0,Chennai Super Kings,Chennai Super Kings,0,0,0,0,50.81,10.16,2,0
2018,Jos Buttler,Wicketkeeper-Batsman,Overseas,24,24.0,145.45,528,50,26,0,,,,8,0,1.5,4.4,Rajasthan Royals,Rajasthan Royals,0,0,1,1,28.66,6.51,3,1
2018,Umesh Yadav,Bowler,Indian,94,13.43,104.44,94,8,3,91,8.42,29.91,21.32,23,0,1.0,4.2,Royal Challengers Bangalore,Royal Challengers Bengaluru,0,0,0,0,59.29,14.12,2,0
2018,Kagiso Rabada,Bowler,Overseas,6,18.33,85.94,55,5,1,6,8.81,31.33,21.33,0,0,1.5,4.2,Delhi Daredevils,Delhi Capitals,0,0,0,0,37.63,8.96,2,1
2018,Piyush Chawla,Bowler,Indian,129,12.26,113.69,515,49,15,126,7.63,25.88,20.34,27,0,1.0,4.2,Kolkata Knight Riders,Kolkata Knight Riders,0,0,0,0,69.71,16.6,2,0
2018,Ajinkya Rahane,Batsman,Indian,111,33.59,120.59,3057,320,60,1,5.0,5.0,6.0,47,0,2.0,4.0,Rajasthan Royals,Rajasthan Royals,0,0,0,0,39.77,9.94,1,0
2018,Shane Watson,All-Rounder,Overseas,102,30.92,138.68,2628,258,122,86,7.84,28.27,21.64,27,0,1.0,4.0,Chennai Super Kings,Chennai Super Kings,0,0,0,0,49.76,12.44,0,1
2018,Amit Mishra,Bowler,Indian,126,11.72,93.66,340,27,5,134,7.41,24.34,19.69,16,0,1.5,4.0,Delhi Daredevils,Delhi Capitals,0,0,0,0,72.18,18.05,2,0
2018,Siddharth Kaul,Bowler,Indian,21,,69.23,9,0,0,22,8.45,27.09,19.23,4,0,0.3,3.8,Sunrisers Hyderabad,Sunrisers Hyderabad,1,0,0,0,42.39,11.16,2,0
2018,Brendon McCullum,Batsman,Overseas,103,28.11,131.07,2755,277,124,0,,,,37,6,2.0,3.6,Royal Challengers Bangalore,Royal Challengers Bengaluru,0,0,1,1,37.05,10.29,1,1
2018,Deepak Hooda,All-Rounder,Indian,41,14.35,139.18,373,20,20,6,8.33,44.67,32.17,9,0,0.4,3.6,Sunrisers Hyderabad,Sunrisers Hyderabad,0,0,0,0,33.36,9.27,0,0
2018,Rahul Tripathi,Batsman,Indian,14,27.93,146.44,391,43,17,0,12.0,,,5,0,0.2,3.4,Rajasthan Royals,Rajasthan Royals,0,0,0,1,38.84,11.42,1,0
2018,Nitish Rana,All-Rounder,Indian,17,31.21,128.91,437,31,25,0,3.0,,,4,0,0.2,3.4,Kolkata Knight Riders,Kolkata Knight Riders,0,0,0,1,44.53,13.1,0,0
2018,Suryakumar Yadav,Batsman,Indian,55,20.97,130.47,608,54,21,0,8.0,,,25,0,0.3,3.2,Mumbai Indians,Mumbai Indians,0,0,0,1,31.73,9.92,1,0
2018,Vijay Shankar,All-Rounder,Indian,5,50.5,134.67,101,12,1,0,19.0,,,5,0,0.4,3.2,Delhi Daredevils,Delhi Capitals,0,0,0,1,32.94,10.29,0,0
2018,Shahbaz Nadeem,Bowler,Indian,55,2.17,37.14,26,1,0,37,7.1,35.65,30.14,9,0,0.4,3.2,Delhi Daredevils,Delhi Capitals,0,0,0,0,49.26,15.39,2,0
2018,Washington Sundar,All-Rounder,Indian,11,9.0,75.0,9,0,0,8,6.17,23.12,22.5,5,0,1.5,3.2,Royal Challengers Bangalore,Royal Challengers Bengaluru,0,0,0,0,30.2,9.44,0,0
2018,Kane Williamson,Batsman,Overseas,15,31.62,129.25,411,35,11,0,7.0,,,8,0,1.5,3.0,Sunrisers Hyderabad,Sunrisers Hyderabad,0,0,0,1,39.41,13.14,1,1
2018,David Miller,Batsman,Overseas,66,34.73,141.32,1563,104,78,0,,,,44,0,1.5,3.0,Kings XI Punjab,Punjab Kings,0,0,1,1,43.2,14.4,1,1
2018,Mohammed Shami,Bowler,Indian,31,6.57,102.22,46,4,2,18,8.97,51.89,34.72,1,0,1.0,3.0,Delhi Daredevils,Delhi Capitals,0,0,0,0,40.18,13.39,2,0
2018,Rahul Tewatia,All-Rounder,Indian,7,17.5,145.83,35,4,1,6,6.62,23.17,21.0,0,0,0.2,3.0,Delhi Daredevils,Delhi Capitals,0,0,0,0,36.97,12.32,0,0
2018,Ankit Rajpoot,Bowler,Indian,11,6.0,46.15,6,1,0,8,8.28,30.0,21.75,1,0,0.3,3.0,Kings XI Punjab,Punjab Kings,0,0,0,0,39.38,13.13,2,0
2018,Sandeep Sharma,Bowler,Indian,56,26.0,74.29,26,1,0,71,7.77,22.35,17.25,7,0,0.5,3.0,Sunrisers Hyderabad,Sunrisers Hyderabad,0,0,0,0,55.96,18.65,2,0
2018,Gautam Gambhir,Batsman,Indian,148,31.54,124.61,4132,484,58,0,,,,27,0,2.0,2.8,Delhi Daredevils,Delhi Capitals,0,0,1,1,38.77,13.85,1,0
2018,Quinton de Kock,Wicketkeeper-Batsman,Overseas,26,29.04,132.24,726,90,21,0,,,,7,3,2.0,2.8,Royal Challengers Bangalore,Royal Challengers Bengaluru,0,0,1,1,32.18,11.49,3,1
2018,Mohammed Siraj,Bowler,Indian,6,,,0,0,0,10,9.22,21.2,13.8,1,0,1.0,2.6,Royal Challengers Bangalore,Royal Challengers Bengaluru,1,1,0,0,37.63,14.47,2,0
2018,Shardul Thakur,Bowler,Indian,13,2.33,77.78,7,1,0,12,8.57,29.42,20.58,4,0,0.75,2.6,Chennai Super Kings,Chennai Super Kings,0,0,0,0,39.66,15.25,2,0
2018,Mohit Sharma,Bowler,Indian,75,8.0,109.8,112,8,4,83,8.12,25.01,18.48,14,0,1.5,2.4,Kings XI Punjab,Punjab Kings,0,0,0,0,58.05,24.19,2,0
2018,Colin de Grandhomme,All-Rounder,Overseas,12,15.75,136.96,126,10,6,4,8.44,33.75,24.0,2,0,0.75,2.2,Royal Challengers Bangalore,Royal Challengers Bengaluru,0,0,0,0,33.36,15.16,0,1
2018,Ambati Rayudu,Wicketkeeper-Batsman,Indian,114,27.15,126.16,2416,205,79,0,,,,45,2,0.5,2.2,Chennai Super Kings,Chennai Super Kings,0,0,1,1,29.84,13.56,3,0
2018,Mustafizur Rahman,Bowler,Overseas,17,,,0,0,0,17,7.15,26.76,22.47,2,0,1.0,2.2,Mumbai Indians,Mumbai Indians,1,1,0,0,44.27,20.12,2,1
2018,Murugan Ashwin,Bowler,Indian,10,0.0,0.0,0,0,0,7,8.46,34.43,24.43,0,0,0.2,2.2,Royal Challengers Bangalore,Royal Challengers Bengaluru,0,0,0,0,38.71,17.6,2,0
2018,Ben Cutting,All-Rounder,Overseas,9,24.8,187.88,124,9,10,7,8.41,33.43,23.86,3,0,1.0,2.2,Mumbai Indians,Mumbai Indians,0,0,0,0,40.27,18.3,0,1
2018,Nathan Coulter-Nile,Bowler,Overseas,26,6.5,104.0,52,3,4,36,7.66,19.97,15.64,7,0,1.5,2.2,Royal Challengers Bangalore,Royal Challengers Bengaluru,0,0,0,0,47.69,21.68,2,1
2018,Trent Boult,Bowler,Overseas,14,,62.5,5,0,0,15,8.79,32.73,22.33,3,0,1.5,2.2,Delhi Daredevils,Delhi Capitals,1,0,0,0,39.87,18.12,2,1
2018,Barinder Sran,Bowler,Indian,16,,100.0,4,0,0,14,8.75,34.07,23.36,2,0,0.5,2.2,Kings XI Punjab,Punjab Kings,1,0,0,0,39.72,18.05,2,0
2018,Harbhajan Singh,Bowler,Indian,136,16.31,142.42,799,76,41,127,6.96,26.65,22.98,30,0,2.0,2.0,Chennai Super Kings,Chennai Super Kings,0,0,0,0,71.55,35.78,2,0
2018,Shakib Al Hasan,All-Rounder,Overseas,43,20.83,130.21,500,44,15,43,7.17,25.6,21.42,8,0,1.0,2.0,Sunrisers Hyderabad,Sunrisers Hyderabad,0,0,0,0,41.08,20.54,0,1
2018,Yuvraj Singh,All-Rounder,Indian,120,25.65,131.26,2591,205,141,36,7.38,29.28,23.81,28,0,2.0,2.0,Kings XI Punjab,Punjab Kings,0,0,0,0,41.81,20.9,0,0
2018,Carlos Brathwaite,All-Rounder,Overseas,10,11.88,179.25,95,8,8,8,8.78,32.0,21.88,4,0,1.0,2.0,Sunrisers Hyderabad,Sunrisers Hyderabad,0,0,0,0,34.67,17.34,0,1
2018,Murali Vijay,Batsman,Indian,100,26.43,123.39,2511,237,89,0,8.17,,,47,0,2.0,2.0,Chennai Super Kings,Chennai Super Kings,0,0,0,1,34.86,17.43,1,0
2018,Mitchell Johnson,Bowler,Overseas,48,11.62,98.69,151,8,7,60,8.07,24.87,18.48,13,0,2.0,2.0,Kolkata Knight Riders,Kolkata Knight Riders,0,0,0,0,52.56,26.28,2,1
2018,Chris Gayle,Batsman,Overseas,100,41.02,151.56,3651,297,266,18,7.91,40.22,30.5,24,0,2.0,2.0,Kings XI Punjab,Punjab Kings,0,0,0,0,49.11,24.56,1,1
2018,Yusuf Pathan,All-Rounder,Indian,149,29.82,146.1,2922,240,149,41,7.4,33.98,27.54,37,0,0.75,1.9,Sunrisers Hyderabad,Sunrisers Hyderabad,0,0,0,0,44.86,23.61,0,0
2018,Colin Munro,All-Rounder,Overseas,4,10.0,100.0,30,3,0,0,7.5,,,2,0,0.5,1.9,Delhi Daredevils,Delhi Capitals,0,0,0,1,29.57,15.56,0,1
2018,Rahul Chahar,Bowler,Indian,3,,150.0,3,0,0,2,8.29,29.0,21.0,1,0,0.2,1.9,Mumbai Indians,Mumbai Indians,1,0,0,0,37.89,19.94,2,0
2018,Parthiv Patel,Wicketkeeper-Batsman,Indian,119,21.7,117.21,2322,297,35,0,,,,60,14,1.0,1.7,Royal Challengers Bangalore,Royal Challengers Bengaluru,0,0,1,1,33.24,19.55,3,0
2018,Faf du Plessis,Batsman,Overseas,52,30.12,127.96,1295,110,38,0,16.0,,,30,0,1.5,1.6,Chennai Super Kings,Chennai Super Kings,0,0,0,1,38.14,23.84,1,1
2018,Jason Roy,Batsman,Overseas,3,29.5,147.5,59,9,1,0,,,,1,0,1.5,1.5,Delhi Daredevils,Delhi Capitals,0,0,1,1,40.13,26.75,1,1
2018,Daniel Christian,All-Rounder,Overseas,36,18.26,123.17,420,22,18,30,7.89,31.2,23.73,19,0,1.0,1.5,Delhi Daredevils,Delhi Capitals,0,0,0,0,37.25,24.83,0,1
2018,Pradeep Sangwan,Bowler,Indian,38,4.0,68.57,24,1,0,35,8.78,33.03,22.57,7,0,0.3,1.5,Mumbai Indians,Mumbai Indians,0,0,0,0,44.77,29.85,2,0
2018,Mandeep Singh,Batsman,Indian,70,20.22,120.87,1112,134,18,0,,,,27,0,0.5,1.4,Royal Challengers Bangalore,Royal Challengers Bengaluru,0,0,1,1,29.98,21.41,1,0
2018,Naman Ojha,Wicketkeeper-Batsman,Indian,112,20.99,118.64,1553,121,79,0,,,,65,10,0.75,1.4,Delhi Daredevils,Delhi Capitals,0,0,1,1,30.46,21.76,3,0
2018,Manan Vohra,Batsman,Indian,45,24.54,132.73,957,95,35,0,,,,13,0,0.2,1.1,Royal Challengers Bangalore,Royal Challengers Bengaluru,0,0,1,1,34.64,31.49,1,0
2018,Imran Tahir,Bowler,Overseas,32,4.5,72.0,18,3,0,47,8.31,21.11,15.23,3,0,1.0,1.0,Chennai Super Kings,Chennai Super Kings,0,0,0,0,48.82,48.82,2,1
2018,Mayank Agarwal,Batsman,Indian,52,17.7,123.33,814,82,33,0,,,,21,0,0.2,1.0,Kings XI Punjab,Punjab Kings,0,0,1,1,28.43,28.43,1,0
2018,Manoj Tiwary,Batsman,Indian,93,29.43,117.3,1648,152,39,1,12.17,73.0,36.0,42,0,0.5,1.0,Kings XI Punjab,Punjab Kings,0,0,0,0,36.3,36.3,1,0
2018,Pawan Negi,All-Rounder,Indian,41,17.65,129.78,353,26,16,30,7.56,26.27,20.83,10,0,0.5,1.0,Royal Challengers Bangalore,Royal Challengers Bengaluru,0,0,0,0,37.83,37.83,0,0
2018,Mohammad Nabi,All-Rounder,Overseas,3,2.0,66.67,2,0,0,2,5.27,29.0,33.0,0,0,0.5,1.0,Sunrisers Hyderabad,Sunrisers Hyderabad,0,0,0,0,27.44,27.44,0,1
2018,Vinay Kumar,Bowler,Indian,102,10.86,112.18,304,20,9,103,8.33,28.36,20.43,30,0,1.0,1.0,Kolkata Knight Riders,Kolkata Knight Riders,0,0,0,0,62.43,62.43,2,0
2018,Jean-Paul Duminy,All-Rounder,Overseas,77,39.86,124.87,1993,123,78,23,7.25,34.7,28.7,27,0,1.0,1.0,Mumbai Indians,Mumbai Indians,0,0,0,0,45.2,45.2,0,1
2018,Chris Jordan,All-Rounder,Overseas,10,1.5,60.0,3,0,0,12,9.21,22.25,14.5,4,0,1.0,1.0,Sunrisers Hyderabad,Sunrisers Hyderabad,0,0,0,0,23.37,23.37,0,1
2018,Akshdeep Nath,All-Rounder,Indian,5,5.0,71.43,20,1,0,0,,,,0,0,0.2,1.0,Kings XI Punjab,Punjab Kings,0,0,1,1,6.3,6.3,0,0
2018,Shreevats Goswami,Wicketkeeper-Batsman,Indian,23,16.07,96.02,241,26,2,0,,,,11,7,0.2,1.0,Sunrisers Hyderabad,Sunrisers Hyderabad,0,0,1,1,23.43,23.43,3,0
2018,Sam Billings,Wicketkeeper-Batsman,Overseas,11,22.6,134.52,226,23,5,0,,,,7,0,1.0,1.0,Chennai Super Kings,Chennai Super Kings,0,0,1,1,26.75,26.75,3,1
2018,Tim Southee,Bowler,Overseas,29,9.0,154.29,54,3,3,22,8.31,41.55,30.0,10,0,1.0,1.0,Royal Challengers Bangalore,Royal Challengers Bengaluru,0,0,0,0,42.72,42.72,2,1
2018,Basil Thampi,Bowler,Indian,12,,100.0,28,1,1,11,9.49,38.55,24.36,2,0,0.3,0.95,Sunrisers Hyderabad,Sunrisers Hyderabad,1,0,0,0,37.23,39.19,2,0
2018,Saurabh Tiwary,Batsman,Indian,80,28.36,119.59,1276,93,45,0,,,,23,0,0.5,0.8,Mumbai Indians,Mumbai Indians,0,0,1,1,35.8,44.75,1,0
2018,Deepak Chahar,All-Rounder,Indian,5,14.0,233.33,14,0,2,1,9.58,115.0,72.0,1,0,0.2,0.8,Chennai Super Kings,Chennai Super Kings,0,0,0,0,37.02,46.28,0,0
2018,Gurkeerat Singh,All-Rounder,Indian,30,16.29,125.74,342,36,9,5,7.46,19.4,15.6,13,1,0.5,0.75,Delhi Daredevils,Delhi Capitals,0,0,0,0,34.15,45.53,0,0
2018,Dhawal Kulkarni,Bowler,Indian,72,11.25,93.75,90,6,2,76,7.97,24.75,18.63,12,0,0.5,0.75,Rajasthan Royals,Rajasthan Royals,0,0,0,0,56.7,75.6,2,0
2018,Avesh Khan,Bowler,Indian,1,,,0,0,0,1,5.75,23.0,24.0,0,0,0.2,0.7,Delhi Daredevils,Delhi Capitals,1,1,0,0,43.7,62.43,2,0
2018,Stuart Binny,All-Rounder,Indian,80,20.16,126.82,766,59,29,21,7.57,32.43,25.71,18,0,0.5,0.5,Rajasthan Royals,Rajasthan Royals,0,0,0,0,37.46,74.92,0,0
2018,Jayant Yadav,All-Rounder,Indian,10,3.0,60.0,6,0,0,4,6.53,49.0,45.0,3,0,0.5,0.5,Delhi Daredevils,Delhi Capitals,0,0,0,0,26.14,52.28,0,0
2018,Billy Stanlake,Bowler,Overseas,2,,,0,0,0,2,8.75,35.0,24.0,1,0,0.5,0.5,Sunrisers Hyderabad,Sunrisers Hyderabad,1,1,0,0,36.8,73.6,2,1
2018,Ben Laughlin,Bowler,Overseas,2,4.0,44.44,4,0,0,1,10.14,71.0,42.0,0,0,0.5,0.5,Rajasthan Royals,Rajasthan Royals,0,0,0,0,33.24,66.48,2,1
2018,T Natarajan,Bowler,Indian,6,,,0,0,0,2,9.08,57.5,38.0,0,0,0.4,0.4,Sunrisers Hyderabad,Sunrisers Hyderabad,1,1,0,0,36.01,90.02,2,0
2018,Aniket Choudhary,Bowler,Indian,5,25.0,125.0,25,1,1,5,8.55,28.8,20.2,0,0,0.3,0.3,Royal Challengers Bangalore,Royal Challengers Bengaluru,0,0,0,0,38.01,126.7,2,0
2018,Anureet Singh,Bowler,Indian,20,8.25,76.74,33,2,1,17,8.98,34.18,22.82,4,0,0.3,0.3,Rajasthan Royals,Rajasthan Royals,0,0,0,0,39.91,133.03,2,0
2018,Aryaman Birla,All-Rounder,Indian,2,7.0,50.0,7,1,0,0,,,,1,0,0.2,0.3,Rajasthan Royals,Rajasthan Royals,0,0,1,1,5.7,19.0,0,0
2018,Ishank Jaggi,Batsman,Indian,7,15.2,78.35,76,6,0,0,,,,2,0,0.2,0.2,Kolkata Knight Riders,Kolkata Knight Riders,0,0,1,1,20.97,104.85,1,0
2018,Harshal Patel,All-Rounder,Indian,35,5.22,138.24,47,2,3,34,8.53,28.56,20.09,10,0,0.2,0.2,Delhi Daredevils,Delhi Capitals,0,0,0,0,33.12,165.6,0,0
2018,Apoorv Wankhade,Batsman,Indian,0,,,0,0,0,0,,,,1,0,0.2,0.2,Kolkata Knight Riders,Kolkata Knight Riders,1,1,1,1,,,1,0
2018,Sachin Baby,Batsman,Indian,18,17.12,135.64,137,11,5,2,4.8,4.0,5.0,5,0,0.2,0.2,Sunrisers Hyderabad,Sunrisers Hyderabad,0,0,0,0,29.54,147.7,1,0
2018,Ankit Sharma,All-Rounder,Indian,21,12.43,129.85,87,7,4,12,7.3,36.58,30.08,4,0,0.2,0.2,Rajasthan Royals,Rajasthan Royals,0,0,0,0,34.03,170.15,0,0
2018,Shreyas Gopal,All-Rounder,Indian,6,7.0,51.85,14,1,0,7,8.03,22.0,16.43,0,0,0.2,0.2,Rajasthan Royals,Rajasthan Royals,0,0,0,0,25.68,128.4,0,0
2018,Aditya Tare,Wicketkeeper-Batsman,Indian,35,14.12,124.18,339,40,11,0,,,,3,5,0.2,0.2,Mumbai Indians,Mumbai Indians,0,0,1,1,23.85,119.25,3,0
2018,Bipul Sharma,All-Rounder,Indian,33,23.38,152.03,187,11,9,17,8.06,33.65,25.06,7,0,0.2,0.2,Sunrisers Hyderabad,Sunrisers Hyderabad,0,0,0,0,39.15,195.75,0,0
2018,Pardeep Sahu,Bowler,Indian,5,19.0,146.15,19,1,1,3,8.34,48.67,35.0,0,0,0.2,0.2,Kings XI Punjab,Punjab Kings,0,0,0,0,38.02,190.1,2,0
2019,Jaydev Unadkat,Bowler,Indian,62,10.8,105.88,54,6,1,67,8.4,26.78,19.13,15,0,1.5,8.4,Rajasthan Royals,Rajasthan Royals,0,0,0,0,53.48,6.37,2,0
2019,Colin Ingram,Batsman,Overseas,3,10.5,80.77,21,2,0,0,,,,0,0,2.0,6.4,Delhi Capitals,Delhi Capitals,0,0,1,1,17.82,2.78,1,1
2019,Carlos Brathwaite,All-Rounder,Overseas,14,15.45,168.32,170,9,16,13,8.9,26.92,18.15,6,0,0.75,5.0,Kolkata Knight Riders,Kolkata Knight Riders,0,0,0,0,35.76,7.15,0,1
2019,Axar Patel,All-Rounder,Indian,68,19.06,126.57,686,37,32,61,7.53,28.93,23.07,23,0,1.0,5.0,Delhi Capitals,Delhi Capitals,0,0,0,0,41.96,8.39,0,0
2019,Mohit Sharma,Bowler,Indian,84,8.13,106.09,122,9,4,90,8.4,26.64,19.02,16,0,0.5,5.0,Chennai Super Kings,Chennai Super Kings,0,0,0,0,59.09,11.82,2,0
2019,Mohammad Shami,Bowler,Indian,35,6.62,103.92,53,5,2,21,9.14,51.33,33.71,3,0,1.0,4.8,Kings XI Punjab,Punjab Kings,0,0,0,0,40.5,8.44,2,0
2019,Akshdeep Nath,All-Rounder,Indian,6,5.8,70.73,29,2,0,0,,,,1,0,0.2,3.6,Royal Challengers Bangalore,Royal Challengers Bengaluru,0,0,1,1,6.55,1.82,0,0
2019,Barinder Sran,Bowler,Indian,22,7.0,63.64,7,0,0,18,9.23,39.22,25.5,4,0,0.5,3.4,Mumbai Indians,Mumbai Indians,0,0,0,0,39.56,11.64,2,0
2019,Varun Aaron,Bowler,Indian,42,11.5,83.64,46,2,2,38,8.67,32.08,22.21,2,0,0.5,2.4,Rajasthan Royals,Rajasthan Royals,0,0,0,0,45.77,19.07,2,0
2019,Hanuma Vihari,Batsman,Indian,22,15.56,89.46,280,23,1,1,6.33,38.0,36.0,6,0,0.5,2.0,Delhi Capitals,Delhi Capitals,0,0,0,0,22.62,11.31,1,0
2019,Lasith Malinga,Bowler,Overseas,110,5.5,88.89,88,6,5,154,6.87,19.01,16.61,15,0,2.0,2.0,Mumbai Indians,Mumbai Indians,0,0,0,0,78.35,39.17,2,1
2019,Lockie Ferguson,Bowler,Overseas,4,,100.0,1,0,0,3,7.15,31.0,26.0,0,0,1.0,1.6,Kolkata Knight Riders,Kolkata Knight Riders,1,0,0,0,40.85,25.53,2,1
2019,Wriddhiman Saha,Wicketkeeper-Batsman,Indian,114,24.33,129.85,1679,147,58,0,,,,57,18,1.0,1.2,Sunrisers Hyderabad,Sunrisers Hyderabad,0,0,1,1,38.55,32.12,3,0
2019,Ishant Sharma,Bowler,Indian,76,7.5,77.59,45,3,1,58,8.2,38.43,28.12,15,0,0.75,1.1,Delhi Capitals,Delhi Capitals,0,0,0,0,51.77,47.06,2,0
2019,Moises Henriques,All-Rounder,Overseas,57,28.5,128.17,969,87,27,38,8.39,32.74,23.42,27,0,1.0,1.0,Kings XI Punjab,Punjab Kings,0,0,0,0,41.71,41.71,0,1
2019,Martin Guptill,Batsman,Overseas,10,21.0,132.17,189,20,8,0,,,,6,0,1.0,1.0,Sunrisers Hyderabad,Sunrisers Hyderabad,0,0,1,1,31.96,31.96,1,1
2019,Yuvraj Singh,All-Rounder,Indian,128,24.82,129.75,2656,211,143,36,7.44,29.92,24.14,29,0,1.0,1.0,Mumbai Indians,Mumbai Indians,0,0,0,0,41.34,41.34,0,0
2019,Gurkeerat Singh,All-Rounder,Indian,30,16.29,125.74,342,36,9,5,7.46,19.4,15.6,13,1,0.5,0.5,Royal Challengers Bangalore,Royal Challengers Bengaluru,0,0,0,0,34.15,68.3,0,0
2019,Heinrich Klaasen,Wicketkeeper-Batsman,Overseas,4,19.0,121.28,57,5,1,0,,,,3,4,0.5,0.5,Royal Challengers Bangalore,Royal Challengers Bengaluru,0,0,1,1,25.8,51.6,3,1
2019,Sarfaraz Khan,All-Rounder,Indian,25,20.73,159.44,228,26,7,0,,,,2,0,0.2,0.25,Kings XI Punjab,Punjab Kings,0,0,1,1,17.59,70.36,0,0
2019,Nathu Singh,Bowler,Indian,2,,,0,0,0,1,3.75,15.0,24.0,0,0,0.2,0.2,Delhi Capitals,Delhi Capitals,1,1,0,0,48.46,242.3,2,0
2019,Nikhil Naik,Wicketkeeper-Batsman,Indian,2,11.5,74.19,23,1,0,0,,,,2,0,0.2,0.2,Kolkata Knight Riders,Kolkata Knight Riders,0,0,1,1,14.18,70.9,3,0
2019,Murugan Ashwin,Bowler,Indian,12,0.5,33.33,1,0,0,10,8.28,29.4,21.3,0,0,0.2,0.2,Kings XI Punjab,Punjab Kings,0,0,0,0,39.87,199.35,2,0
2019,Shrikant Mundhe,All-Rounder,Indian,1,,,0,0,0,1,6.0,6.0,6.0,0,0,0.2,0.2,Kolkata Knight Riders,Kolkata Knight Riders,1,1,0,0,,,0,0
2019,Manan Vohra,Batsman,Indian,49,23.53,131.77,1012,97,39,0,,,,13,0,0.2,0.2,Rajasthan Royals,Rajasthan Royals,0,0,1,1,33.77,168.85,1,0
2020,Pat Cummins,All-Rounder,Overseas,16,12.83,140.0,77,5,4,17,8.29,29.35,21.24,2,0,2.0,15.5,Kolkata Knight Riders,Kolkata Knight Riders,0,0,0,0,34.24,2.21,0,1
2020,Glenn Maxwell,All-Rounder,Overseas,69,22.92,161.06,1398,110,91,16,8.73,38.19,26.25,26,0,2.0,10.75,Kings XI Punjab,Punjab Kings,0,0,0,0,38.62,3.59,0,1
2020,Chris Morris,All-Rounder,Overseas,61,27.21,157.62,517,37,27,70,8.01,24.61,18.43,25,0,1.5,10.0,Royal Challengers Bangalore,Royal Challengers Bengaluru,0,0,0,0,47.43,4.74,0,1
2020,Nathan Coulter-Nile,All-Rounder,Overseas,26,6.5,104.0,52,3,4,36,7.66,19.97,15.64,7,0,1.0,8.0,Mumbai Indians,Mumbai Indians,0,0,0,0,32.73,4.09,0,1
2020,Shimron Hetmyer,Batsman,Overseas,5,18.0,123.29,90,4,7,0,,,,3,0,0.5,7.75,Delhi Capitals,Delhi Capitals,0,0,1,1,28.65,3.7,1,1
2020,Piyush Chawla,Bowler,Indian,157,11.92,111.45,584,54,18,150,7.82,27.15,20.83,35,0,1.0,6.75,Chennai Super Kings,Chennai Super Kings,0,0,0,0,75.11,11.13,2,0
2020,Sam Curran,All-Rounder,Overseas,9,23.75,172.73,95,13,3,10,9.79,32.3,19.8,2,0,1.0,5.5,Chennai Super Kings,Chennai Super Kings,0,0,0,0,37.66,6.85,0,1
2020,Eoin Morgan,Batsman,Overseas,52,21.35,121.13,854,72,34,0,,,,24,0,2.0,5.25,Kolkata Knight Riders,Kolkata Knight Riders,0,0,1,1,30.84,5.87,1,1
2020,Marcus Stoinis,All-Rounder,Overseas,29,31.53,129.95,473,34,18,15,9.3,37.93,24.47,7,0,1.0,4.8,Delhi Capitals,Delhi Capitals,0,0,0,0,39.04,8.13,0,1
2020,Aaron Finch,Batsman,Overseas,75,26.33,130.38,1738,176,67,1,9.35,67.0,43.0,25,0,1.0,4.4,Royal Challengers Bangalore,Royal Challengers Bengaluru,0,0,0,0,35.66,8.1,1,1
2020,Varun Chakravarthy,All-Rounder,Indian,1,,,0,0,0,1,11.67,35.0,18.0,0,0,0.3,4.0,Kolkata Knight Riders,Kolkata Knight Riders,1,1,0,0,,,0,0
2020,Kane Richardson,Bowler,Overseas,14,12.0,92.31,36,2,1,18,8.38,24.61,17.61,4,0,1.5,4.0,Royal Challengers Bangalore,Royal Challengers Bengaluru,0,0,0,0,41.58,10.4,2,1
2020,Robin Uthappa,Batsman,Indian,177,28.84,130.48,4413,435,156,0,,,,84,32,1.5,3.0,Rajasthan Royals,Rajasthan Royals,0,0,1,1,37.52,12.51,1,0
2020,Jaydev Unadkat,Bowler,Indian,73,9.17,101.85,55,6,1,77,8.73,28.47,19.56,17,0,1.0,3.0,Rajasthan Royals,Rajasthan Royals,0,0,0,0,55.14,18.38,2,0
2020,Chris Jordan,All-Rounder,Overseas,11,1.5,60.0,3,0,0,12,9.03,24.83,16.5,4,0,0.75,3.0,Kings XI Punjab,Punjab Kings,0,0,0,0,23.59,7.86,0,1
2020,Chris Lynn,Batsman,Overseas,41,33.68,140.66,1280,128,63,0,,,,10,0,2.0,2.0,Mumbai Indians,Mumbai Indians,0,0,1,1,42.35,21.18,1,1
2020,Mitchell Marsh,All-Rounder,Overseas,20,18.75,114.8,225,9,14,20,7.89,20.7,15.75,7,0,2.0,2.0,Sunrisers Hyderabad,Sunrisers Hyderabad,0,0,0,0,35.69,17.84,0,1
2020,Dale Steyn,Bowler,Overseas,92,7.55,105.06,166,14,3,96,6.79,24.9,22.0,22,0,2.0,2.0,Royal Challengers Bangalore,Royal Challengers Bengaluru,0,0,0,0,64.39,32.2,2,1
2020,Jason Roy,Batsman,Overseas,8,29.83,133.58,179,18,8,0,,,,5,0,1.5,1.5,Delhi Capitals,Delhi Capitals,0,0,1,1,38.63,25.75,1,1
2020,Chris Woakes,All-Rounder,Overseas,18,10.5,95.45,63,5,2,25,9.24,23.04,14.96,6,0,1.5,1.5,Delhi Capitals,Delhi Capitals,0,0,0,0,30.45,20.3,0,1
2020,Andrew Tye,Bowler,Overseas,26,10.62,121.43,85,6,4,39,8.3,21.08,15.23,6,0,1.0,1.0,Rajasthan Royals,Rajasthan Royals,0,0,0,0,46.89,46.89,2,1
2020,Tom Curran,All-Rounder,Overseas,5,7.67,82.14,23,3,0,6,11.61,19.67,10.17,1,0,1.0,1.0,Rajasthan Royals,Rajasthan Royals,0,0,0,0,23.44,23.44,0,1
2020,David Miller,Batsman,Overseas,79,33.64,138.68,1850,126,87,0,,,,53,0,0.75,0.75,Rajasthan Royals,Rajasthan Royals,0,0,1,1,42.07,56.09,1,1
2020,Rahul Tripathi,Batsman,Indian,34,26.14,137.32,758,74,27,0,12.0,,,12,0,0.2,0.6,Kolkata Knight Riders,Kolkata Knight Riders,0,0,0,1,36.39,60.65,1,0
2020,Prabhsimran Singh,Wicketkeeper-Batsman,Indian,1,16.0,94.12,16,1,1,0,,,,1,0,0.2,0.55,Kings XI Punjab,Punjab Kings,0,0,1,1,18.82,34.22,3,0
2020,Deepak Hooda,All-Rounder,Indian,61,14.56,127.18,524,27,24,7,8.42,44.71,31.86,24,0,0.4,0.5,Kings XI Punjab,Punjab Kings,0,0,0,0,32.7,65.4,0,0
2020,Saurabh Tiwary,Batsman,Indian,80,28.36,119.59,1276,93,45,0,,,,23,0,0.5,0.5,Mumbai Indians,Mumbai Indians,0,0,1,1,35.8,71.6,1,0
2020,James Neesham,All-Rounder,Overseas,4,14.0,91.3,42,3,1,1,10.11,91.0,54.0,0,0,0.5,0.5,Kings XI Punjab,Punjab Kings,0,0,0,0,27.51,55.02,0,1
2020,Oshane Thomas,Bowler,Overseas,4,,,0,0,0,5,7.9,15.8,12.0,1,0,0.5,0.5,Rajasthan Royals,Rajasthan Royals,1,1,0,0,39.55,79.1,2,1
2020,Mohit Sharma,Bowler,Indian,85,8.13,104.27,122,9,4,91,8.41,26.65,19.01,16,0,0.5,0.5,Delhi Capitals,Delhi Capitals,0,0,0,0,59.31,118.62,2,0
2020,Pravin Tambe,Bowler,Indian,33,9.0,46.15,18,1,0,28,7.75,30.46,23.57,1,0,0.2,0.2,Kolkata Knight Riders,Kolkata Knight Riders,0,0,0,0,45.52,227.6,2,0
2020,Nikhil Naik,Wicketkeeper-Batsman,Indian,3,10.0,63.83,30,2,0,0,,,,2,0,0.2,0.2,Kolkata Knight Riders,Kolkata Knight Riders,0,0,1,1,12.27,61.35,3,0
2021,Chris Morris,All-Rounder,Overseas,70,23.96,157.88,551,39,30,81,7.84,23.86,18.27,32,0,0.75,16.25,Rajasthan Royals,Rajasthan Royals,0,0,0,0,47.79,2.94,0,1
2021,Glenn Maxwell,All-Rounder,Overseas,82,22.15,154.62,1506,119,91,19,8.57,41.05,28.74,30,0,2.0,14.25,Royal Challengers Bangalore,Royal Challengers Bengaluru,0,0,0,0,38.49,2.7,0,1
2021,Krishnappa Gowtham,All-Rounder,Indian,24,14.31,169.09,186,13,12,13,8.26,43.23,31.38,9,0,0.2,9.25,Chennai Super Kings,Chennai Super Kings,0,0,0,0,36.15,3.91,0,0
2021,Moeen Ali,All-Rounder,Overseas,19,20.6,158.46,309,21,23,10,7.14,30.8,25.9,4,0,2.0,7.0,Chennai Super Kings,Chennai Super Kings,0,0,0,0,38.77,5.54,0,1
2021,Tom Curran,All-Rounder,Overseas,10,26.5,117.78,106,8,3,9,11.51,36.22,18.89,2,0,1.5,5.25,Delhi Capitals,Delhi Capitals,0,0,0,0,33.07,6.3,0,1
2021,Nathan Coulter-Nile,Bowler,Overseas,33,8.56,118.46,77,7,4,41,7.72,22.56,17.54,9,0,1.5,5.0,Mumbai Indians,Mumbai Indians,0,0,0,0,48.76,9.75,2,1
2021,Dan Christian,All-Rounder,Overseas,40,17.84,119.25,446,22,19,34,7.95,30.5,23.03,19,0,0.75,4.8,Royal Challengers Bangalore,Royal Challengers Bengaluru,0,0,0,0,37.27,7.76,0,1
2021,Shivam Dube,All-Rounder,Indian,15,16.9,122.46,169,6,12,4,7.59,20.25,16.0,3,0,0.5,4.4,Rajasthan Royals,Rajasthan Royals,0,0,0,0,33.89,7.7,0,0
2021,Moises Henriques,All-Rounder,Overseas,57,28.5,128.17,969,87,27,38,8.39,32.74,23.42,28,0,1.0,4.2,Punjab Kings,Punjab Kings,0,0,0,0,41.71,9.93,0,1
2021,Shakib Al Hasan,All-Rounder,Overseas,63,20.78,126.57,748,70,20,59,7.46,28.0,22.51,10,0,2.0,3.2,Kolkata Knight Riders,Kolkata Knight Riders,0,0,0,0,42.44,13.26,0,1
2021,Adam Milne,Bowler,Overseas,5,3.5,58.33,7,0,0,4,9.83,44.25,27.0,5,0,0.5,3.2,Mumbai Indians,Mumbai Indians,0,0,0,0,34.71,10.85,2,1
2021,Piyush Chawla,Bowler,Indian,164,11.92,111.45,584,54,18,156,7.87,27.33,20.83,35,0,0.5,2.4,Mumbai Indians,Mumbai Indians,0,0,0,0,76.45,31.85,2,0
2021,Steve Smith,Batsman,Overseas,95,35.5,129.45,2343,213,58,0,15.0,,,44,0,2.0,2.2,Delhi Capitals,Delhi Capitals,0,0,0,1,42.28,19.22,1,1
2021,Kedar Jadhav,All-Rounder,Indian,87,22.82,124.16,1141,99,38,0,,,,28,7,2.0,2.0,Sunrisers Hyderabad,Sunrisers Hyderabad,0,0,1,1,16.15,8.07,0,0
2021,Sam Billings,Wicketkeeper-Batsman,Overseas,22,17.58,133.6,334,31,10,0,,,,13,0,2.0,2.0,Delhi Capitals,Delhi Capitals,0,0,1,1,23.7,11.85,3,1
2021,Harbhajan Singh,Bowler,Indian,160,15.64,138.17,829,79,42,150,7.05,26.45,22.49,37,0,2.0,2.0,Kolkata Knight Riders,Kolkata Knight Riders,0,0,0,0,76.94,38.47,2,0
2021,Mujeeb Ur Rahman,Bowler,Overseas,18,3.67,78.57,11,2,0,17,8.24,33.12,24.12,2,0,1.5,1.5,Sunrisers Hyderabad,Sunrisers Hyderabad,0,0,0,0,41.67,27.78,2,1
2021,Mustafizur Rahman,Bowler,Overseas,24,1.0,33.33,1,0,0,24,7.51,28.54,22.79,3,0,1.0,1.0,Rajasthan Royals,Rajasthan Royals,0,0,0,0,45.12,45.12,2,1
2021,Umesh Yadav,Bowler,Indian,121,8.71,95.31,122,11,4,119,8.53,30.2,21.24,29,0,1.0,1.0,Delhi Capitals,Delhi Capitals,0,0,0,0,65.86,65.86,2,0
2021,Liam Livingstone,All-Rounder,Overseas,4,23.33,145.83,70,6,5,0,13.0,,,4,0,0.75,0.75,Rajasthan Royals,Rajasthan Royals,0,0,0,1,30.79,41.05,0,1
2021,Ben Cutting,All-Rounder,Overseas,21,21.64,168.79,238,15,19,10,9.16,42.9,28.1,10,0,0.75,0.75,Kolkata Knight Riders,Kolkata Knight Riders,0,0,0,0,37.39,49.85,0,1
2021,Cheteshwar Pujara,Batsman,Indian,30,20.53,99.74,390,50,4,0,,,,6,0,0.5,0.5,Chennai Super Kings,Chennai Super Kings,0,0,1,1,27.56,55.12,1,0
2021,James Neesham,All-Rounder,Overseas,9,12.2,95.31,61,3,2,3,9.96,79.67,48.0,1,0,0.5,0.5,Mumbai Indians,Mumbai Indians,0,0,0,0,27.52,55.04,0,1
2021,Karun Nair,Batsman,Indian,73,24.26,128.36,1480,160,39,0,,,,25,0,0.5,0.5,Kolkata Knight Riders,Kolkata Knight Riders,0,0,1,1,33.88,67.76,1,0
2021,Pawan Negi,All-Rounder,Indian,50,14.04,126.3,365,27,16,34,7.87,27.62,21.06,16,0,0.5,0.5,Kolkata Knight Riders,Kolkata Knight Riders,0,0,0,0,36.4,72.8,0,0
2021,Jagadeesha Suchith,Bowler,Indian,15,27.0,114.89,54,4,2,12,8.8,33.0,22.5,10,0,0.2,0.3,Sunrisers Hyderabad,Sunrisers Hyderabad,0,0,0,0,39.12,130.4,2,0
2021,Sachin Baby,Batsman,Indian,18,17.12,135.64,137,11,5,2,4.8,4.0,5.0,5,0,0.2,0.2,Royal Challengers Bangalore,Royal Challengers Bengaluru,0,0,0,0,29.54,147.7,1,0
2021,Vishnu Vinod,Wicketkeeper-Batsman,Indian,3,6.33,73.08,19,1,1,0,,,,0,2,0.2,0.2,Delhi Capitals,Delhi Capitals,0,0,1,1,12.28,61.4,3,0
2021,Sheldon Jackson,Wicketkeeper-Batsman,Indian,4,19.0,122.58,38,5,0,0,,,,2,0,0.2,0.2,Kolkata Knight Riders,Kolkata Knight Riders,0,0,1,1,23.43,117.15,3,0
2021,K. C. Cariappa,Bowler,Indian,11,8.0,114.29,24,0,2,8,9.67,43.5,27.0,2,0,0.2,0.2,Rajasthan Royals,Rajasthan Royals,0,0,0,0,36.07,180.35,2,0
2022,Ishan Kishan,Wicketkeeper-Batsman,Indian,61,28.47,136.34,1452,121,74,0,,,,20,2,1.5,15.25,Mumbai Indians,Mumbai Indians,0,0,1,1,31.63,2.07,3,0
2022,Deepak Chahar,Bowler,Indian,63,11.29,138.6,79,2,6,59,7.8,29.19,22.44,10,0,2.0,14.0,Chennai Super Kings,Chennai Super Kings,0,0,0,0,52.96,3.78,2,0
2022,Shreyas Iyer,Batsman,Indian,87,31.3,124.04,2379,197,88,0,,,,34,0,2.0,12.25,Kolkata Knight Riders,Kolkata Knight Riders,0,0,1,1,38.52,3.14,1,0
2022,Liam Livingstone,All-Rounder,Overseas,9,14.0,125.84,112,9,6,0,13.0,,,7,0,1.0,11.5,Punjab Kings,Punjab Kings,0,0,0,1,26.11,2.27,0,1
2022,Harshal Patel,All-Rounder,Indian,62,11.0,134.53,187,11,11,78,8.58,23.18,16.21,14,0,1.5,10.75,Royal Challengers Bangalore,Royal Challengers Bengaluru,0,0,0,0,40.32,3.75,0,0
2022,Wanindu Hasaranga,Batsman,Overseas,2,1.0,50.0,1,0,0,0,10.0,,,0,0,1.0,10.75,Royal Challengers Bangalore,Royal Challengers Bengaluru,0,0,0,1,6.99,0.65,1,1
2022,Nicholas Pooran,Wicketkeeper-Batsman,Overseas,33,20.9,154.2,606,36,44,0,,,,11,0,1.5,10.75,Sunrisers Hyderabad,Sunrisers Hyderabad,0,0,1,1,27.71,2.58,3,1
2022,Shardul Thakur,Bowler,Indian,61,6.62,112.77,53,5,1,67,8.89,27.87,18.81,15,0,2.0,10.75,Delhi Capitals,Delhi Capitals,0,0,0,0,52.32,4.87,2,0
2022,Prasidh Krishna,Bowler,Indian,34,1.5,25.0,3,0,0,31,9.27,37.48,24.26,7,0,1.0,10.0,Rajasthan Royals,Rajasthan Royals,0,0,0,0,42.63,4.26,2,0
2022,Lockie Ferguson,Bowler,Overseas,22,,151.22,62,5,2,26,8.09,25.0,18.54,3,0,2.0,10.0,Gujarat Titans,Gujarat Titans,1,0,0,0,44.22,4.42,2,1
2022,Avesh Khan,Bowler,Indian,25,9.0,150.0,9,2,0,29,8.23,25.83,18.83,4,0,0.2,10.0,Lucknow Super Giants,Lucknow Super Giants,0,0,0,0,44.62,4.46,2,0
2022,Kagiso Rabada,Bowler,Overseas,50,13.8,102.99,138,11,4,79,8.19,19.86,14.54,19,0,2.0,9.25,Punjab Kings,Punjab Kings,0,0,0,0,56.91,6.15,2,1
2022,M. Shahrukh Khan,All-Rounder,Indian,11,21.86,134.21,153,9,10,0,,,,4,0,0.4,9.0,Punjab Kings,Punjab Kings,0,0,1,1,16.42,1.82,0,0
2022,Rahul Tewatia,All-Rounder,Indian,48,23.68,124.34,521,35,26,32,7.71,31.88,24.81,22,0,0.4,9.0,Gujarat Titans,Gujarat Titans,0,0,0,0,39.77,4.42,0,0
2022,Jason Holder,All-Rounder,Overseas,26,14.54,121.15,189,11,11,35,8.2,22.46,16.43,7,0,1.5,8.75,Lucknow Super Giants,Lucknow Super Giants,0,0,0,0,36.0,4.11,0,1
2022,Washington Sundar,All-Rounder,Indian,42,13.56,111.28,217,17,6,27,6.94,32.11,27.78,8,0,1.5,8.75,Sunrisers Hyderabad,Sunrisers Hyderabad,0,0,0,0,35.54,4.06,0,0
2022,Shimron Hetmyer,Batsman,Overseas,31,25.85,151.17,517,34,31,0,,,,14,0,1.5,8.5,Rajasthan Royals,Rajasthan Royals,0,0,1,1,37.9,4.46,1,1
2022,Rahul Tripathi,Batsman,Indian,62,26.13,136.32,1385,136,48,0,12.0,,,23,0,0.4,8.5,Sunrisers Hyderabad,Sunrisers Hyderabad,0,0,0,1,36.25,4.26,1,0
2022,Shikhar Dhawan,Batsman,Indian,192,34.84,126.59,5784,654,125,4,8.25,16.5,12.0,83,0,2.0,8.25,Punjab Kings,Punjab Kings,0,0,0,0,41.44,5.02,1,0
2022,Krunal Pandya,All-Rounder,Indian,84,22.86,138.55,1143,105,46,51,7.37,34.76,28.31,23,0,2.0,8.25,Lucknow Super Giants,Lucknow Super Giants,0,0,0,0,43.08,5.22,0,0
2022,Tim David,Batsman,Overseas,1,1.0,33.33,1,0,0,0,,,,0,0,0.4,8.25,Mumbai Indians,Mumbai Indians,0,0,1,1,4.9,0.59,1,1
2022,Trent Boult,Bowler,Overseas,62,4.33,68.42,13,0,1,76,8.44,26.29,18.7,22,0,2.0,8.0,Rajasthan Royals,Rajasthan Royals,0,0,0,0,55.58,6.95,2,1
2022,Nitish Rana,All-Rounder,Indian,77,28.44,132.46,1820,161,89,7,8.03,22.0,16.43,15,0,1.5,8.0,Kolkata Knight Riders,Kolkata Knight Riders,0,0,0,0,38.6,4.82,0,0
2022,Jofra Archer,All-Rounder,Overseas,35,15.0,157.26,195,11,14,46,7.13,21.33,17.93,7,0,2.0,8.0,Mumbai Indians,Mumbai Indians,0,0,0,0,41.04,5.13,0,1
2022,Devdutt Padikkal,Batsman,Indian,29,31.57,125.04,884,95,22,0,,,,15,0,1.5,7.75,Rajasthan Royals,Rajasthan Royals,0,0,1,1,38.84,5.01,1,0
2022,Josh Hazlewood,Bowler,Overseas,12,,,0,0,0,12,7.93,29.75,22.5,1,0,1.5,7.75,Royal Challengers Bangalore,Royal Challengers Bengaluru,1,1,0,0,41.19,5.31,2,1
2022,Mark Wood,Bowler,Overseas,1,1.0,33.33,1,0,0,0,12.25,,,1,0,2.0,7.5,Lucknow Super Giants,Lucknow Super Giants,0,0,0,1,27.98,3.73,2,1
2022,Pat Cummins,All-Rounder,Overseas,37,19.75,140.44,316,19,20,38,8.24,30.13,21.95,7,0,2.0,7.25,Kolkata Knight Riders,Kolkata Knight Riders,0,0,0,0,39.43,5.44,0,1
2022,Shivam Mavi,All-Rounder,Indian,26,6.86,97.96,48,4,2,25,8.3,28.6,20.68,12,0,0.4,7.25,Kolkata Knight Riders,Kolkata Knight Riders,0,0,0,0,30.38,4.19,0,0
2022,Faf du Plessis,Batsman,Overseas,99,34.94,131.09,2935,266,96,0,16.0,,,67,0,2.0,7.0,Royal Challengers Bangalore,Royal Challengers Bengaluru,0,0,0,1,42.08,6.01,1,1
2022,Quinton de Kock,Wicketkeeper-Batsman,Overseas,77,30.95,130.88,2259,230,83,0,,,,53,14,2.0,6.75,Lucknow Super Giants,Lucknow Super Giants,0,0,1,1,40.04,5.93,3,1
2022,Ambati Rayudu,Wicketkeeper-Batsman,Indian,175,29.44,127.47,3916,324,149,0,,,,58,2,2.0,6.75,Chennai Super Kings,Chennai Super Kings,0,0,1,1,31.31,4.64,3,0
2022,Jonny Bairstow,Wicketkeeper-Batsman,Overseas,28,41.52,142.19,1038,99,46,0,,,,18,4,1.0,6.75,Punjab Kings,Punjab Kings,0,0,1,1,41.14,6.09,3,1
2022,Mitchell Marsh,All-Rounder,Overseas,21,17.31,114.21,225,9,14,20,7.9,21.0,15.95,7,0,2.0,6.5,Delhi Capitals,Delhi Capitals,0,0,0,0,35.11,5.4,0,1
2022,Yuzvendra Chahal,Bowler,Indian,114,5.33,41.03,32,0,0,139,7.59,22.28,17.61,21,0,2.0,6.5,Rajasthan Royals,Rajasthan Royals,0,0,0,0,72.97,11.23,2,0
2022,Abhishek Sharma,All-Rounder,Indian,22,17.21,139.31,241,17,12,7,8.0,25.14,18.86,5,0,0.2,6.5,Sunrisers Hyderabad,Sunrisers Hyderabad,0,0,0,0,34.94,5.38,0,0
2022,Mohammed Shami,Bowler,Indian,77,6.27,94.52,69,5,2,79,8.62,30.51,21.24,10,0,2.0,6.25,Gujarat Titans,Gujarat Titans,0,0,0,0,55.89,8.94,2,0
2022,David Warner,Batsman,Overseas,150,40.98,139.84,5451,525,201,0,12.0,,,70,0,2.0,6.25,Delhi Capitals,Delhi Capitals,0,0,0,1,47.61,7.62,1,1
2022,Deepak Hooda,All-Rounder,Indian,80,16.72,129.49,786,41,38,9,8.46,50.89,36.11,34,0,0.75,5.75,Lucknow Super Giants,Lucknow Super Giants,0,0,0,0,33.84,5.89,0,0
2022,Dinesh Karthik,Wicketkeeper-Batsman,Indian,213,25.78,129.63,4047,399,112,0,,,,123,32,2.0,5.5,Royal Challengers Bangalore,Royal Challengers Bengaluru,0,0,1,1,48.13,8.75,3,0
2022,Rahul Chahar,Bowler,Indian,42,4.43,96.88,31,3,0,43,7.45,25.98,20.93,10,0,0.75,5.25,Punjab Kings,Punjab Kings,0,0,0,0,49.89,9.5,2,0
2022,Khaleel Ahmed,Bowler,Indian,24,0.33,20.0,1,0,0,32,8.69,24.56,16.97,1,0,0.5,5.25,Delhi Capitals,Delhi Capitals,0,0,0,0,44.26,8.43,2,0
2022,Ravichandran Ashwin,All-Rounder,Indian,166,11.12,109.88,456,37,12,145,6.91,27.8,24.12,31,0,2.0,5.0,Rajasthan Royals,Rajasthan Royals,0,0,0,0,48.98,9.8,0,0
2022,Manish Pandey,Batsman,Indian,154,30.5,121.98,3569,309,104,0,,,,75,0,1.5,4.6,Lucknow Super Giants,Lucknow Super Giants,0,0,1,1,37.67,8.19,1,0
2022,Dwayne Bravo,All-Rounder,Overseas,150,22.94,130.25,1537,119,65,167,8.36,24.32,17.45,66,0,1.5,4.4,Chennai Super Kings,Chennai Super Kings,0,0,0,0,55.56,12.63,0,1
2022,Bhuvneshwar Kumar,Bowler,Indian,132,8.35,96.88,217,20,3,142,7.3,25.27,20.77,22,0,2.0,4.2,Sunrisers Hyderabad,Sunrisers Hyderabad,0,0,0,0,74.4,17.71,2,0
2022,Marco Jansen,All-Rounder,Overseas,2,0.0,0.0,0,0,0,2,7.5,22.5,18.0,1,0,0.5,4.2,Sunrisers Hyderabad,Sunrisers Hyderabad,0,0,0,0,19.89,4.74,0,1
2022,Chetan Sakariya,Bowler,Indian,14,3.2,64.0,16,2,0,14,8.19,30.43,22.29,4,0,0.5,4.2,Delhi Capitals,Delhi Capitals,0,0,0,0,41.06,9.78,2,0
2022,T. Natarajan,Bowler,Indian,24,,60.0,3,0,0,20,8.24,34.4,25.05,2,0,1.0,4.0,Sunrisers Hyderabad,Sunrisers Hyderabad,1,0,0,0,42.4,10.6,2,0
2022,Kartik Tyagi,Bowler,Indian,14,3.0,60.0,6,0,0,13,9.41,37.77,24.08,3,0,0.2,4.0,Sunrisers Hyderabad,Sunrisers Hyderabad,0,0,0,0,37.91,9.48,2,0
2022,Shivam Dube,All-Rounder,Indian,24,22.17,120.54,399,24,22,4,8.3,32.5,23.5,5,0,0.5,4.0,Chennai Super Kings,Chennai Super Kings,0,0,0,0,34.86,8.72,0,0
2022,Riyan Parag,All-Rounder,Indian,30,16.95,118.53,339,29,12,3,9.97,73.67,44.33,12,0,0.3,3.8,Rajasthan Royals,Rajasthan Royals,0,0,0,0,30.71,8.08,0,0
2022,Harpreet Brar,All-Rounder,Indian,10,,120.0,84,5,3,5,7.12,45.6,38.4,2,0,0.2,3.8,Punjab Kings,Punjab Kings,1,0,0,0,35.7,9.39,0,0
2022,Chris Jordan,Bowler,Overseas,24,9.14,112.28,64,3,3,25,9.15,28.36,18.6,9,0,2.0,3.6,Chennai Super Kings,Chennai Super Kings,0,0,0,0,41.45,11.51,2,1
2022,Anuj Rawat,Wicketkeeper-Batsman,Indian,2,0.0,0.0,0,0,0,0,,,,4,0,0.2,3.4,Royal Challengers Bangalore,Royal Challengers Bengaluru,0,0,1,1,0.0,0.0,3,0
2022,David Miller,Batsman,Overseas,89,32.36,136.42,1974,137,90,0,,,,58,0,1.0,3.0,Gujarat Titans,Gujarat Titans,0,0,1,1,40.85,13.62,1,1
2022,Rovman Powell,Batsman,Overseas,0,,,0,0,0,0,,,,1,0,0.75,2.8,Delhi Capitals,Delhi Capitals,1,1,1,1,,,1,1
2022,Aiden Markram,Batsman,Overseas,6,29.2,122.69,146,12,4,0,5.75,,,3,0,1.0,2.6,Sunrisers Hyderabad,Sunrisers Hyderabad,0,0,0,1,36.81,14.16,1,1
2022,Navdeep Saini,Bowler,Indian,28,10.33,88.57,31,3,0,18,8.45,46.33,32.89,6,0,0.75,2.6,Rajasthan Royals,Rajasthan Royals,0,0,0,0,41.41,15.93,2,0
2022,Daniel Sams,All-Rounder,Overseas,5,3.0,75.0,6,0,0,1,8.5,153.0,108.0,3,0,1.0,2.6,Mumbai Indians,Mumbai Indians,0,0,0,0,24.36,9.37,0,1
2022,Shahbaz Ahmed,All-Rounder,Indian,13,8.57,111.11,60,4,2,9,6.8,15.11,13.33,4,0,0.3,2.4,Royal Challengers Bangalore,Royal Challengers Bengaluru,0,0,0,0,31.67,13.2,0,0
2022,Sean Abbott,All-Rounder,Overseas,2,7.5,115.38,15,1,1,0,11.4,,,0,0,0.2,2.4,Sunrisers Hyderabad,Sunrisers Hyderabad,0,0,0,1,24.97,10.4,0,1
2022,Alzarri Joseph,Bowler,Overseas,3,,115.38,15,2,0,6,10.04,14.5,8.67,0,0,0.75,2.4,Gujarat Titans,Gujarat Titans,1,0,0,0,34.7,14.46,2,1
2022,Matthew Wade,Wicketkeeper-Batsman,Overseas,3,7.33,66.67,22,0,0,0,,,,0,0,2.0,2.4,Gujarat Titans,Gujarat Titans,0,0,1,1,10.98,4.58,3,1
2022,Robin Uthappa,Batsman,Indian,193,27.95,130.14,4724,462,168,0,,,,87,32,2.0,2.0,Chennai Super Kings,Chennai Super Kings,0,0,1,1,36.82,18.41,1,0
2022,Jason Roy,Batsman,Overseas,13,29.91,129.02,329,39,9,0,,,,8,0,2.0,2.0,Gujarat Titans,Gujarat Titans,0,0,1,1,38.12,19.06,1,1
2022,Mustafizur Rahman,Bowler,Overseas,38,9.0,52.94,9,0,1,38,7.84,29.5,22.58,3,0,2.0,2.0,Delhi Capitals,Delhi Capitals,0,0,0,0,47.74,23.87,2,1
2022,Kuldeep Yadav,Bowler,Indian,45,9.5,76.0,57,5,0,40,8.28,30.9,22.4,6,0,1.0,2.0,Delhi Capitals,Delhi Capitals,0,0,0,0,47.18,23.59,2,0
2022,K. S. Bharat,Wicketkeeper-Batsman,Indian,8,38.2,122.44,191,10,8,0,,,,4,1,0.2,2.0,Delhi Capitals,Delhi Capitals,0,0,1,1,35.34,17.67,3,0
2022,Sam Billings,Wicketkeeper-Batsman,Overseas,22,17.58,133.6,334,31,10,0,,,,13,0,2.0,2.0,Kolkata Knight Riders,Kolkata Knight Riders,0,0,1,1,23.7,11.85,3,1
2022,Evin Lewis,Batsman,Overseas,21,27.67,138.0,581,54,33,0,,,,6,0,2.0,2.0,Lucknow Super Giants,Lucknow Super Giants,0,0,1,1,37.6,18.8,1,1
2022,Umesh Yadav,Bowler,Indian,121,8.71,95.31,122,11,4,119,8.53,30.2,21.24,29,0,2.0,2.0,Kolkata Knight Riders,Kolkata Knight Riders,0,0,0,0,65.86,32.93,2,0
2022,Nathan Coulter-Nile,All-Rounder,Overseas,38,7.36,115.71,81,7,4,48,7.52,21.92,17.48,10,0,2.0,2.0,Rajasthan Royals,Rajasthan Royals,0,0,0,0,35.41,17.7,0,1
2022,David Willey,All-Rounder,Overseas,3,,,0,0,0,2,9.5,47.5,30.0,2,0,2.0,2.0,Royal Challengers Bangalore,Royal Challengers Bengaluru,1,1,0,0,,,0,1
2022,Mitchell Santner,All-Rounder,Overseas,6,32.0,139.13,32,0,3,6,7.0,24.5,21.0,3,0,1.0,1.9,Chennai Super Kings,Chennai Super Kings,0,0,0,0,41.43,21.81,0,1
2022,Adam Milne,Bowler,Overseas,9,5.75,79.31,23,0,1,7,9.62,44.0,27.43,7,0,1.5,1.9,Chennai Super Kings,Chennai Super Kings,0,0,0,0,35.95,18.92,2,1
2022,Wriddhiman Saha,Wicketkeeper-Batsman,Indian,132,24.53,128.74,2110,191,69,0,,,,68,20,1.0,1.9,Gujarat Titans,Gujarat Titans,0,0,1,1,39.8,20.95,3,0
2022,Jayant Yadav,All-Rounder,Indian,19,10.0,111.11,40,2,1,8,6.87,52.38,45.75,5,0,1.0,1.7,Gujarat Titans,Gujarat Titans,0,0,0,0,31.99,18.82,0,0
2022,Murugan Ashwin,Bowler,Indian,34,3.83,63.89,23,1,0,26,7.87,33.88,25.85,7,0,0.2,1.6,Mumbai Indians,Mumbai Indians,0,0,0,0,44.75,27.97,2,0
2022,Tymal Mills,Bowler,Overseas,5,2.67,72.73,8,0,1,5,8.58,30.6,21.4,1,0,1.0,1.5,Mumbai Indians,Mumbai Indians,0,0,0,0,37.93,25.29,2,1
2022,Alex Hales,Batsman,Overseas,6,24.67,125.42,148,13,6,0,,,,2,0,1.5,1.5,Kolkata Knight Riders,Kolkata Knight Riders,0,0,1,1,33.82,22.55,1,1
2022,Glenn Phillips,Wicketkeeper-Batsman,Overseas,3,13.0,78.79,26,1,2,1,10.0,20.0,12.0,1,0,1.5,1.5,Sunrisers Hyderabad,Sunrisers Hyderabad,0,0,0,0,15.53,10.35,3,1
2022,Tim Southee,Bowler,Overseas,43,13.11,124.21,118,8,4,31,8.68,44.77,30.97,18,0,1.5,1.5,Kolkata Knight Riders,Kolkata Knight Riders,0,0,0,0,44.04,29.36,2,1
2022,James Neesham,All-Rounder,Overseas,12,8.71,92.42,61,3,2,8,9.24,38.12,24.75,1,0,1.5,1.5,Rajasthan Royals,Rajasthan Royals,0,0,0,0,27.53,18.35,0,1
2022,Vijay Shankar,All-Rounder,Indian,47,26.37,126.24,712,45,28,9,8.62,36.56,25.44,24,0,0.5,1.4,Gujarat Titans,Gujarat Titans,0,0,0,0,36.99,26.42,0,0
2022,Karun Nair,Batsman,Indian,73,24.26,128.36,1480,160,39,0,,,,25,0,0.5,1.4,Rajasthan Royals,Rajasthan Royals,0,0,1,1,33.88,24.2,1,0
2022,Jaydev Unadkat,Bowler,Indian,86,11.67,109.38,105,9,3,85,8.74,30.45,20.89,18,0,0.75,1.3,Mumbai Indians,Mumbai Indians,0,0,0,0,57.07,43.9,2,0
2022,Kamlesh Nagarkoti,All-Rounder,Indian,11,5.5,66.67,22,1,0,5,9.14,51.2,33.6,7,0,0.4,1.1,Delhi Capitals,Delhi Capitals,0,0,0,0,24.49,22.26,0,0
2022,Mandeep Singh,Batsman,Indian,105,22.03,124.09,1674,172,37,0,13.0,,,37,0,0.5,1.1,Delhi Capitals,Delhi Capitals,0,0,0,1,31.71,28.83,1,0
2022,Ajinkya Rahane,Batsman,Indian,151,31.53,121.34,3941,417,76,1,5.0,5.0,6.0,60,0,1.0,1.0,Kolkata Knight Riders,Kolkata Knight Riders,0,0,0,0,38.35,38.35,1,0
2022,Sherfane Rutherford,All-Rounder,Overseas,7,14.6,135.19,73,2,7,1,8.63,59.0,41.0,5,0,1.0,1.0,Royal Challengers Bangalore,Royal Challengers Bengaluru,0,0,0,0,32.24,32.24,0,1
2022,Riley Meredith,Bowler,Overseas,5,,,0,0,0,4,9.94,42.25,25.5,0,0,1.0,1.0,Mumbai Indians,Mumbai Indians,1,1,0,0,34.45,34.45,2,1
2022,Mohammad Nabi,All-Rounder,Overseas,17,14.31,153.72,186,16,10,13,7.14,31.38,26.38,11,0,1.0,1.0,Kolkata Knight Riders,Kolkata Knight Riders,0,0,0,0,36.53,36.53,0,1
2022,Mahipal Lomror,All-Rounder,Indian,11,22.62,119.87,181,8,9,1,7.4,74.0,60.0,2,0,0.4,0.95,Royal Challengers Bangalore,Royal Challengers Bengaluru,0,0,0,0,35.69,37.57,0,0
2022,Krishnappa Gowtham,All-Rounder,Indian,24,14.31,169.09,186,13,12,13,8.26,43.23,31.38,10,0,0.5,0.9,Lucknow Super Giants,Lucknow Super Giants,0,0,0,0,36.15,40.17,0,0
2022,Shreyas Gopal,Bowler,Indian,48,12.21,105.56,171,17,2,48,8.04,26.0,19.4,5,0,0.2,0.75,Sunrisers Hyderabad,Sunrisers Hyderabad,0,0,0,0,49.71,66.28,2,0
2022,Jason Behrendorff,Bowler,Overseas,5,,,0,0,0,5,8.68,33.0,22.8,0,0,0.75,0.75,Royal Challengers Bangalore,Royal Challengers Bengaluru,1,1,0,0,37.7,50.27,2,1
2022,Nathan Ellis,Bowler,Overseas,3,18.0,112.5,18,0,1,1,8.18,90.0,66.0,0,0,0.75,0.75,Punjab Kings,Punjab Kings,0,0,0,0,37.91,50.55,2,1
2022,Siddharth Kaul,Bowler,Indian,54,5.0,55.56,20,1,0,58,8.59,29.24,20.43,8,0,0.75,0.75,Royal Challengers Bangalore,Royal Challengers Bengaluru,0,0,0,0,50.84,67.79,2,0
2022,Fabian Allen,All-Rounder,Overseas,4,6.0,50.0,6,0,0,1,8.18,90.0,66.0,2,0,0.75,0.75,Mumbai Indians,Mumbai Indians,0,0,0,0,24.29,32.39,0,1
2022,Mayank Markande,Bowler,Indian,18,9.0,93.1,27,3,0,16,8.55,28.31,19.88,3,0,0.5,0.65,Mumbai Indians,Mumbai Indians,0,0,0,0,40.69,62.6,2,0
2022,Lalit Yadav,All-Rounder,Indian,7,34.0,93.15,68,7,0,4,7.21,25.25,21.0,8,0,0.2,0.65,Delhi Capitals,Delhi Capitals,0,0,0,0,38.8,59.69,0,0
2022,Prabhsimran Singh,Wicketkeeper-Batsman,Indian,5,10.0,90.91,50,4,2,0,,,,2,0,0.2,0.6,Punjab Kings,Punjab Kings,0,0,1,1,14.97,24.95,3,0
2022,Sheldon Jackson,Wicketkeeper-Batsman,Indian,4,19.0,122.58,38,5,0,0,,,,2,0,0.3,0.6,Kolkata Knight Riders,Kolkata Knight Riders,0,0,1,1,23.43,39.05,3,0
2022,Rinku Singh,Batsman,Indian,10,11.0,101.32,77,6,2,0,,,,8,0,0.2,0.55,Kolkata Knight Riders,Kolkata Knight Riders,0,0,1,1,20.75,37.73,1,0
2022,Rishi Dhawan,All-Rounder,Indian,26,21.86,113.33,153,13,4,18,7.87,35.56,27.11,8,0,0.5,0.55,Punjab Kings,Punjab Kings,0,0,0,0,36.52,66.4,0,0
2022,Ankit Rajpoot,Bowler,Indian,29,5.2,63.41,26,2,1,24,9.23,33.92,22.04,3,0,0.2,0.5,Lucknow Super Giants,Lucknow Super Giants,0,0,0,0,41.02,82.04,2,0
2022,Sandeep Sharma,Bowler,Indian,99,8.67,81.25,52,4,0,112,7.78,25.44,19.62,8,0,0.5,0.5,Punjab Kings,Punjab Kings,0,0,0,0,65.94,131.88,2,0
2022,Shahbaz Nadeem,Bowler,Indian,72,2.79,44.83,39,2,0,48,7.56,37.17,29.48,11,0,0.5,0.5,Lucknow Super Giants,Lucknow Super Giants,0,0,0,0,50.85,101.7,2,0
2022,Pravin Dubey,All-Rounder,Indian,3,,53.85,7,0,0,0,9.0,,,1,0,0.2,0.5,Delhi Capitals,Delhi Capitals,1,0,0,1,24.59,49.18,0,0
2022,Vishnu Vinod,Wicketkeeper-Batsman,Indian,3,6.33,73.08,19,1,1,0,,,,0,2,0.2,0.5,Sunrisers Hyderabad,Sunrisers Hyderabad,0,0,1,1,12.28,24.56,3,0
2022,Lungi Ngidi,Bowler,Overseas,14,,,0,0,0,25,8.3,17.92,12.96,1,0,0.5,0.5,Delhi Capitals,Delhi Capitals,1,1,0,0,43.48,86.96,2,1
2022,Karn Sharma,Bowler,Indian,68,15.1,115.69,317,18,14,59,7.91,27.29,20.71,12,0,0.5,0.5,Royal Challengers Bangalore,Royal Challengers Bengaluru,0,0,0,0,52.7,105.4,2,0
2022,Tim Seifert,Wicketkeeper-Batsman,Overseas,1,2.0,50.0,2,0,0,0,,,,0,0,0.5,0.5,Delhi Capitals,Delhi Capitals,0,0,1,1,6.18,12.36,3,1
2022,Gurkeerat Singh,Batsman,Indian,41,21.29,121.09,511,55,11,5,7.46,19.4,15.6,20,1,0.5,0.5,Gujarat Titans,Gujarat Titans,0,0,0,0,30.79,61.58,1,0
2022,Varun Aaron,Bowler,Indian,50,10.0,69.44,50,2,2,42,8.89,34.02,22.95,3,0,0.5,0.5,Gujarat Titans,Gujarat Titans,0,0,0,0,46.22,92.44,2,0
2022,Basil Thampi,Bowler,Indian,20,32.0,91.43,32,1,1,17,9.8,40.82,25.0,3,0,0.3,0.3,Mumbai Indians,Mumbai Indians,0,0,0,0,37.96,126.53,2,0
2022,K. C. Cariappa,Bowler,Indian,11,8.0,114.29,24,0,2,8,9.67,43.5,27.0,2,0,0.2,0.3,Rajasthan Royals,Rajasthan Royals,0,0,0,0,36.07,120.23,2,0
2022,Ishan Porel,Bowler,Indian,1,,,0,0,0,1,9.75,39.0,24.0,0,0,0.2,0.25,Punjab Kings,Punjab Kings,1,1,0,0,34.17,136.68,2,0
2022,Priyam Garg,Batsman,Indian,19,14.64,110.81,205,11,7,0,,,,8,0,0.2,0.2,Sunrisers Hyderabad,Sunrisers Hyderabad,0,0,1,1,24.62,123.1,1,0
2022,Sarfaraz Khan,All-Rounder,Indian,40,23.21,138.24,441,50,11,0,18.0,,,6,0,0.2,0.2,Delhi Capitals,Delhi Capitals,0,0,0,1,24.32,121.6,0,0
2022,KM Asif,Bowler,Indian,3,,,0,0,0,4,11.39,23.25,12.25,0,0,0.2,0.2,Chennai Super Kings,Chennai Super Kings,1,1,0,0,31.0,155.0,2,0
2022,Tushar Deshpande,Bowler,Indian,5,21.0,175.0,21,2,1,3,11.29,64.0,34.0,1,0,0.2,0.2,Chennai Super Kings,Chennai Super Kings,0,0,0,0,30.99,154.95,2,0
2022,Jagadeesha Suchith,Bowler,Indian,17,34.0,128.3,68,6,3,12,8.88,38.5,26.0,14,0,0.2,0.2,Sunrisers Hyderabad,Sunrisers Hyderabad,0,0,0,0,38.93,194.65,2,0
2022,Manan Vohra,Batsman,Indian,53,22.43,130.61,1054,102,41,0,,,,13,0,0.2,0.2,Lucknow Super Giants,Lucknow Super Giants,0,0,1,1,32.82,164.1,1,0
2022,Ripal Patel,All-Rounder,Indian,2,25.0,92.59,25,3,0,0,7.33,,,1,0,0.2,0.2,Delhi Capitals,Delhi Capitals,0,0,0,1,34.82,174.1,0,0
2022,Anukul Roy,All-Rounder,Indian,1,,,0,0,0,1,5.5,11.0,12.0,4,0,0.2,0.2,Kolkata Knight Riders,Kolkata Knight Riders,1,1,0,0,,,0,0
2022,Rasikh Salam Dar,Bowler,Indian,1,,125.0,5,0,0,0,10.5,,,1,0,0.2,0.2,Kolkata Knight Riders,Kolkata Knight Riders,1,0,0,1,32.14,160.7,2,0
2022,Pradeep Sangwan,Bowler,Indian,39,3.43,61.54,24,1,0,35,8.79,33.57,22.91,7,0,0.2,0.2,Gujarat Titans,Gujarat Titans,0,0,0,0,44.75,223.75,2,0
2022,Baltej Singh,Bowler,Indian,2,,,0,0,0,1,3.75,15.0,24.0,0,0,0.2,0.2,Punjab Kings,Punjab Kings,1,1,0,0,48.46,242.3,2,0
2022,Anmolpreet Singh,Batsman,Indian,1,16.0,114.29,16,2,1,0,,,,1,0,0.2,0.2,Mumbai Indians,Mumbai Indians,0,0,1,1,26.05,130.25,1,0
2022,Narayan Jagadeesan,Wicketkeeper-Batsman,Indian,5,16.5,113.79,33,4,0,0,,,,0,0,0.2,0.2,Chennai Super Kings,Chennai Super Kings,0,0,1,1,21.08,105.4,3,0
2022,Tejas Baroka,Bowler,Indian,1,,,0,0,0,0,9.43,,,0,0,0.2,0.2,Rajasthan Royals,Rajasthan Royals,1,1,0,1,34.69,173.45,2,0
2022,Kuldip Yadav,Bowler,Indian,1,,0.0,0,0,0,0,8.0,,,0,0,0.2,0.2,Rajasthan Royals,Rajasthan Royals,1,0,0,1,38.1,190.5,2,0
2022,Ramesh Kumar,Bowler,Indian,104,11.07,113.14,310,21,9,105,8.42,28.44,20.26,32,0,0.2,0.2,Kolkata Knight Riders,Kolkata Knight Riders,0,0,0,0,62.7,313.5,2,0
2023,Sam Curran,All-Rounder,Overseas,32,22.47,149.78,337,30,18,32,9.21,31.09,20.25,9,0,2.0,18.5,Punjab Kings,Punjab Kings,0,0,0,0,39.13,2.12,0,1
2023,Ben Stokes,All-Rounder,Overseas,43,25.56,134.5,920,79,32,28,8.56,34.79,24.39,21,0,2.0,16.25,Chennai Super Kings,Chennai Super Kings,0,0,0,0,39.6,2.44,0,1
2023,Nicholas Pooran,Wicketkeeper-Batsman,Overseas,47,24.65,150.74,912,52,65,0,,,,19,1,2.0,16.0,Lucknow Super Giants,Lucknow Super Giants,0,0,1,1,30.2,1.89,3,1
2023,Mayank Agarwal,Batsman,Indian,112,22.67,134.58,2335,228,91,0,,,,51,0,1.0,8.25,Sunrisers Hyderabad,Sunrisers Hyderabad,0,0,1,1,33.49,4.06,1,0
2023,Shivam Mavi,Bowler,Indian,32,5.67,91.07,51,4,2,30,8.71,31.4,21.63,16,0,0.4,6.0,Gujarat Titans,Gujarat Titans,0,0,0,0,43.72,7.29,2,0
2023,Jason Holder,All-Rounder,Overseas,38,13.0,123.5,247,13,17,49,8.57,24.02,16.82,11,0,2.0,5.75,Rajasthan Royals,Rajasthan Royals,0,0,0,0,36.84,6.41,0,1
2023,Heinrich Klaasen,Wicketkeeper-Batsman,Overseas,7,13.2,115.79,66,5,1,0,,,,4,4,1.0,5.25,Sunrisers Hyderabad,Sunrisers Hyderabad,0,0,1,1,21.84,4.16,3,1
2023,Rilee Rossouw,Batsman,Overseas,5,10.6,103.92,53,3,3,0,,,,3,0,2.0,4.6,Delhi Capitals,Delhi Capitals,0,0,1,1,20.78,4.52,1,1
2023,Manish Pandey,Batsman,Indian,160,29.73,121.66,3657,318,106,0,,,,78,0,1.0,2.4,Delhi Capitals,Delhi Capitals,0,0,1,1,37.07,15.45,1,0
2023,Kane Williamson,Batsman,Overseas,76,36.29,126.05,2105,183,64,0,10.33,,,39,0,2.0,2.0,Gujarat Titans,Gujarat Titans,0,0,0,1,42.44,21.22,1,1
2023,Adil Rashid,Bowler,Overseas,1,,,0,0,0,0,11.67,,,0,0,2.0,2.0,Sunrisers Hyderabad,Sunrisers Hyderabad,1,1,0,1,29.36,14.68,2,1
2023,Prerak Mankad,All-Rounder,Indian,1,,400.0,4,1,0,0,,,,1,0,0.2,1.8,Lucknow Super Giants,Lucknow Super Giants,1,0,1,1,50.0,27.78,0,0
2023,Jhye Richardson,Bowler,Overseas,3,7.5,62.5,15,2,0,3,10.64,39.0,22.0,1,0,1.5,1.5,Mumbai Indians,Mumbai Indians,0,0,0,0,32.54,21.69,2,1
2023,Adam Zampa,Bowler,Overseas,14,2.5,62.5,5,1,0,21,7.74,17.62,13.67,1,0,1.5,1.5,Rajasthan Royals,Rajasthan Royals,0,0,0,0,43.84,29.23,2,1
2023,Shakib al Hasan,All-Rounder,Overseas,71,19.39,124.41,795,73,21,63,7.44,29.19,23.56,13,0,1.5,1.5,Kolkata Knight Riders,Kolkata Knight Riders,0,0,0,0,42.3,28.2,0,1
2023,K. S. Bharat,Wicketkeeper-Batsman,Indian,10,28.43,122.09,199,12,8,0,,,,4,1,0.2,1.2,Gujarat Titans,Gujarat Titans,0,0,1,1,29.56,24.63,3,0
2023,Kyle Jamieson,Bowler,Overseas,9,16.25,118.18,65,5,3,9,9.61,29.89,18.67,2,0,1.0,1.0,Chennai Super Kings,Chennai Super Kings,0,0,0,0,36.46,36.46,2,1
2023,David Wiese,All-Rounder,Overseas,15,31.75,141.11,127,12,4,16,8.68,25.12,17.38,5,0,1.0,1.0,Kolkata Knight Riders,Kolkata Knight Riders,0,0,0,0,40.68,40.68,0,1
2023,N Jagadeesan,Wicketkeeper-Batsman,Indian,7,24.33,110.61,73,7,1,0,,,,0,0,0.2,0.9,Kolkata Knight Riders,Kolkata Knight Riders,0,0,1,1,25.37,28.19,3,0
2023,Daniel Sams,All-Rounder,Overseas,16,4.89,100.0,44,1,3,14,8.72,37.36,25.71,10,0,0.75,0.75,Lucknow Super Giants,Lucknow Super Giants,0,0,0,0,27.95,37.27,0,1
2023,Vaibhav Arora,Bowler,Indian,5,2.5,38.46,5,0,0,3,9.2,54.67,35.67,1,0,0.2,0.6,Kolkata Knight Riders,Kolkata Knight Riders,0,0,0,0,35.97,59.95,2,0
2023,Ajinkya Rahane,Batsman,Indian,158,30.86,120.68,4074,431,80,1,5.0,5.0,6.0,63,0,0.5,0.5,Chennai Super Kings,Chennai Super Kings,0,0,0,0,37.78,75.56,1,0
2023,Odean Smith,All-Rounder,Overseas,6,17.0,115.91,51,1,5,6,11.87,29.67,15.0,2,0,0.5,0.5,Gujarat Titans,Gujarat Titans,0,0,0,0,28.67,57.34,0,1
2023,Jaydev Unadkat,Bowler,Indian,91,13.67,123.31,164,13,6,91,8.79,30.53,20.84,19,0,0.5,0.5,Lucknow Super Giants,Lucknow Super Giants,0,0,0,0,58.41,116.82,2,0
2023,Ishant Sharma,Bowler,Indian,93,9.17,90.16,55,4,2,72,8.12,37.51,27.74,16,0,0.5,0.5,Delhi Capitals,Delhi Capitals,0,0,0,0,55.37,110.74,2,0
2023,Mayank Markande,Bowler,Indian,20,9.0,93.1,27,3,0,17,8.5,30.0,21.18,5,0,0.5,0.5,Sunrisers Hyderabad,Sunrisers Hyderabad,0,0,0,0,41.05,82.1,2,0
2023,Romario Shepherd,All-Rounder,Overseas,3,29.0,141.46,58,2,5,3,10.89,32.67,18.0,0,0,0.5,0.5,Lucknow Super Giants,Lucknow Super Giants,0,0,0,0,35.48,70.96,0,1
2023,Piyush Chawla,Bowler,Indian,165,11.68,111.03,584,54,18,157,7.88,27.39,20.85,35,0,0.5,0.5,Mumbai Indians,Mumbai Indians,0,0,0,0,76.67,153.34,2,0
2023,Amit Mishra,Bowler,Indian,154,11.68,93.06,362,29,5,166,7.35,23.95,19.55,18,0,0.5,0.5,Lucknow Super Giants,Lucknow Super Giants,0,0,0,0,80.13,160.26,2,0
2023,Mohit Sharma,Bowler,Indian,86,8.13,104.27,122,9,4,92,8.45,26.85,19.07,16,0,0.5,0.5,Gujarat Titans,Gujarat Titans,0,0,0,0,59.46,118.92,2,0
2023,Mandeep Singh,Batsman,Indian,108,21.42,123.32,1692,176,37,0,13.0,,,38,0,0.5,0.5,Kolkata Knight Riders,Kolkata Knight Riders,0,0,0,1,31.16,62.32,1,0
2023,KM Asif,Bowler,Indian,3,,,0,0,0,4,11.39,23.25,12.25,0,0,0.2,0.3,Rajasthan Royals,Rajasthan Royals,1,1,0,0,31.0,103.33,2,0
2023,Vishnu Vinod,Wicketkeeper-Batsman,Indian,3,6.33,73.08,19,1,1,0,,,,0,2,0.2,0.2,Mumbai Indians,Mumbai Indians,0,0,1,1,12.28,61.4,3,0
2023,Rajan Kumar,Bowler,Indian,104,11.07,113.14,310,21,9,105,8.42,28.44,20.26,32,0,0.2,0.2,Royal Challengers Bangalore,Royal Challengers Bengaluru,0,0,0,0,62.7,313.5,2,0
2023,Swapnil Singh,All-Rounder,Indian,5,4.0,60.0,12,0,0,1,9.0,90.0,60.0,0,0,0.2,0.2,Lucknow Super Giants,Lucknow Super Giants,0,0,0,0,23.2,116.0,0,0
2023,Kulwant Khejroliya,Bowler,Indian,5,,,0,0,0,3,9.66,51.0,31.67,0,0,0.2,0.2,Kolkata Knight Riders,Kolkata Knight Riders,1,1,0,0,34.87,174.35,2,0
2023,Anmolpreet Singh,Batsman,Indian,3,9.67,107.41,29,3,1,0,,,,1,0,0.2,0.2,Sunrisers Hyderabad,Sunrisers Hyderabad,0,0,1,1,20.54,102.7,1,0
2023,Murugan Ashwin,Bowler,Indian,42,3.89,70.0,35,2,1,35,7.87,31.69,24.17,7,0,0.2,0.2,Rajasthan Royals,Rajasthan Royals,0,0,0,0,46.94,234.7,2,0
2024,Mitchell Starc,Bowler,Overseas,27,13.71,97.96,96,10,0,34,7.17,20.38,17.06,16,0,2.0,24.75,Kolkata Knight Riders,Kolkata Knight Riders,0,0,0,0,48.36,1.95,2,1
2024,Pat Cummins,All-Rounder,Overseas,42,18.95,152.21,379,24,26,45,8.54,30.16,21.18,8,0,2.0,20.5,Sunrisers Hyderabad,Sunrisers Hyderabad,0,0,0,0,40.37,1.97,0,1
2024,Daryl Mitchell,All-Rounder,Overseas,2,16.5,75.0,33,1,0,0,13.5,,,2,0,1.0,14.0,Chennai Super Kings,Chennai Super Kings,0,0,0,1,23.25,1.66,0,1
2024,Harshal Patel,All-Rounder,Indian,91,9.83,128.26,236,15,14,111,8.59,24.07,16.82,18,0,2.0,11.75,Punjab Kings,Punjab Kings,0,0,0,0,43.51,3.7,0,0
2024,Alzarri Joseph,Bowler,Overseas,19,27.0,84.38,27,3,0,20,9.19,28.8,18.8,3,0,1.0,11.5,Royal Challengers Bengaluru,Royal Challengers Bengaluru,0,0,0,0,40.14,3.49,2,1
2024,Rilee Rossouw,Batsman,Overseas,14,21.83,136.46,262,20,14,0,,,,6,0,2.0,8.0,Punjab Kings,Punjab Kings,0,0,1,1,33.11,4.14,1,1
2024,Rovman Powell,Batsman,Unknown,17,19.77,146.02,257,11,22,1,11.67,35.0,18.0,11,0,1.0,7.4,Rajasthan Royals,Rajasthan Royals,0,0,0,0,32.79,4.43,1,2
2024,Shahrukh Khan,All-Rounder,Indian,33,20.29,134.81,426,26,28,0,,,,14,0,0.2,7.4,Gujarat Titans,Gujarat Titans,0,0,1,1,15.89,2.15,0,0
2024,Travis Head,Batsman,Unknown,10,29.29,138.51,205,12,8,2,10.12,40.5,24.0,3,0,2.0,6.8,Sunrisers Hyderabad,Sunrisers Hyderabad,0,0,0,0,38.85,5.71,1,2
2024,Shivam Mavi,Bowler,Indian,32,5.67,91.07,51,4,2,30,8.71,31.4,21.63,17,0,0.5,6.4,Lucknow Super Giants,Lucknow Super Giants,0,0,0,0,43.72,6.83,2,0
2024,Umesh Yadav,Bowler,Indian,141,9.8,105.38,196,16,8,136,8.44,30.31,21.54,35,0,2.0,5.8,Gujarat Titans,Gujarat Titans,0,0,0,0,70.22,12.11,2,0
2024,Yash Dayal,Bowler,Indian,14,0.0,0.0,0,0,0,13,10.02,35.46,21.23,2,0,0.2,5.0,Royal Challengers Bengaluru,Royal Challengers Bengaluru,0,0,0,0,36.46,7.29,2,0
2024,Kartik Tyagi,Bowler,Indian,19,3.25,81.25,13,1,0,15,9.98,44.13,26.53,3,0,0.2,5.0,Gujarat Titans,Gujarat Titans,0,0,0,0,37.04,7.41,2,0
2024,Jhye Richardson,Bowler,Overseas,3,7.5,62.5,15,2,0,3,10.64,39.0,22.0,1,0,1.5,5.0,Delhi Capitals,Delhi Capitals,0,0,0,0,32.54,6.51,2,1
2024,Chris Woakes,All-Rounder,Overseas,21,13.0,101.3,78,7,2,30,8.97,21.93,14.67,6,0,2.0,4.2,Punjab Kings,Punjab Kings,0,0,0,0,32.66,7.78,0,1
2024,Harry Brook,Batsman,Unknown,11,21.11,123.38,190,23,4,0,,,,3,0,2.0,4.0,Delhi Capitals,Delhi Capitals,0,0,1,1,30.94,7.74,1,2
2024,Shardul Thakur,All-Rounder,Indian,86,11.92,140.2,286,25,12,89,9.16,28.76,18.83,25,0,2.0,4.0,Chennai Super Kings,Chennai Super Kings,0,0,0,0,41.67,10.42,0,0
2024,David Willey,All-Rounder,Overseas,11,26.5,85.48,53,7,0,6,7.56,45.33,36.0,4,0,2.0,2.0,Lucknow Super Giants,Lucknow Super Giants,0,0,0,0,35.39,17.7,0,1
2024,Mustafizur Rahman,Bowler,Overseas,48,13.0,56.52,13,0,1,47,7.93,30.72,23.23,4,0,2.0,2.0,Chennai Super Kings,Chennai Super Kings,0,0,0,0,49.73,24.86,2,1
2024,Lockie Ferguson,Bowler,Overseas,38,33.5,148.89,67,6,2,39,8.65,30.08,20.87,5,0,2.0,2.0,Royal Challengers Bengaluru,Royal Challengers Bengaluru,0,0,0,0,46.06,23.03,2,1
2024,Mujeeb Ur Rahman,Bowler,Overseas,19,4.0,80.0,12,2,0,19,8.18,31.16,22.84,2,0,2.0,2.0,Kolkata Knight Riders,Kolkata Knight Riders,0,0,0,0,42.3,21.15,2,1
2024,Jaydev Unadkat,Bowler,Indian,94,13.31,123.57,173,14,6,91,8.86,31.54,21.36,19,0,0.5,1.6,Sunrisers Hyderabad,Sunrisers Hyderabad,0,0,0,0,58.24,36.4,2,0
2024,Wanindu Hasaranga,All-Rounder,Overseas,26,7.2,98.63,72,7,1,35,8.13,21.37,15.77,1,0,1.5,1.5,Sunrisers Hyderabad,Sunrisers Hyderabad,0,0,0,0,31.97,21.31,0,1
2024,Sherfane Rutherford,Batsman,Overseas,10,15.14,101.92,106,3,8,1,8.63,59.0,41.0,5,0,1.5,1.5,Kolkata Knight Riders,Kolkata Knight Riders,0,0,0,0,23.87,15.91,1,1
2024,Tom Curran,All-Rounder,Overseas,13,25.4,118.69,127,10,3,13,10.84,33.08,18.31,2,0,1.5,1.5,Royal Challengers Bengaluru,Royal Challengers Bengaluru,0,0,0,0,34.01,22.67,0,1
2024,Mohammad Nabi,All-Rounder,Overseas,17,14.31,153.72,186,16,10,13,7.14,31.38,26.38,11,0,1.5,1.5,Mumbai Indians,Mumbai Indians,0,0,0,0,36.53,24.35,0,1
2024,Ashton Turner,Batsman,Overseas,4,1.0,30.0,3,0,0,0,,,,0,0,1.0,1.0,Lucknow Super Giants,Lucknow Super Giants,0,0,1,1,4.49,4.49,1,1
2024,Tristan Stubbs,Wicketkeeper-Batsman,Overseas,4,6.75,77.14,27,2,0,1,7.0,14.0,12.0,0,0,0.5,0.5,Delhi Capitals,Delhi Capitals,0,0,0,0,11.68,23.36,3,1
2024,K. S. Bharat,Wicketkeeper-Batsman,Indian,10,28.43,122.09,199,12,8,0,,,,5,1,0.5,0.5,Kolkata Knight Riders,Kolkata Knight Riders,0,0,1,1,29.56,59.12,3,0
2024,Chetan Sakariya,Bowler,Indian,19,3.33,64.52,20,3,0,20,8.44,29.95,21.3,6,0,0.5,0.5,Kolkata Knight Riders,Kolkata Knight Riders,0,0,0,0,41.93,83.86,2,0
2024,Manish Pandey,Batsman,Indian,170,28.92,121.1,3817,333,109,0,,,,81,0,0.5,0.5,Kolkata Knight Riders,Kolkata Knight Riders,0,0,1,1,36.4,72.8,1,0
2024,Ramandeep Singh,All-Rounder,Indian,5,22.5,112.5,45,3,1,6,9.0,9.0,6.0,3,0,0.2,0.2,Kolkata Knight Riders,Kolkata Knight Riders,0,0,0,0,33.89,169.45,0,0
2024,Ricky Bhui,Wicketkeeper-Batsman,Indian,2,3.5,41.18,7,0,0,0,,,,0,0,0.2,0.2,Delhi Capitals,Delhi Capitals,0,0,1,1,6.18,30.9,3,0
2024,Rasikh Dar,Bowler,Indian,3,12.0,120.0,12,1,0,0,8.75,,,1,0,0.2,0.2,Delhi Capitals,Delhi Capitals,0,0,0,1,36.31,181.55,2,0
2024,Akash Singh,Bowler,Indian,7,,,0,0,0,5,9.87,45.4,27.6,1,0,0.2,0.2,Sunrisers Hyderabad,Sunrisers Hyderabad,1,1,0,0,34.86,174.3,2,0
2024,Shreyas Gopal,Bowler,Indian,49,12.86,106.51,180,19,2,49,8.11,26.16,19.37,5,0,0.2,0.2,Mumbai Indians,Mumbai Indians,0,0,0,0,49.78,248.9,2,0
2024,Shashank Singh,All-Rounder,Indian,10,17.25,146.81,69,5,4,0,10.0,,,3,0,0.2,0.2,Punjab Kings,Punjab Kings,0,0,0,1,32.18,160.9,0,0
2024,Arshad Khan,All-Rounder,Indian,6,9.0,120.0,18,0,1,5,13.41,38.0,17.0,1,0,0.2,0.2,Lucknow Super Giants,Lucknow Super Giants,0,0,0,0,24.03,120.15,0,0
2024,Swapnil Singh,All-Rounder,Indian,7,4.67,58.33,14,0,0,1,9.0,108.0,72.0,0,0,0.2,0.2,Royal Challengers Bengaluru,Royal Challengers Bengaluru,0,0,0,0,23.34,116.7,0,0
2025,Rishabh Pant,Batsman,Indian,111,35.45,148.85,3297,298,154,0,,,,75,23,2.0,27.0,Lucknow Super Giants,Lucknow Super Giants,0,0,1,1,44.67,1.65,1,0
2025,Shreyas Iyer,Batsman,Indian,115,31.95,127.54,3131,272,113,0,7.0,,,49,0,2.0,26.75,Punjab Kings,Punjab Kings,0,0,0,1,39.44,1.47,1,0
2025,Venkatesh Iyer,Batsman,Indian,50,31.57,137.13,1326,121,61,3,10.59,47.67,27.0,18,0,2.0,23.75,Kolkata Knight Riders,Kolkata Knight Riders,0,0,0,0,40.35,1.7,1,0
2025,Arshdeep Singh,Bowler,Indian,65,5.8,72.5,29,4,0,76,9.03,27.0,17.95,8,0,2.0,18.0,Punjab Kings,Punjab Kings,0,0,0,0,54.18,3.01,2,0
2025,Yuzvendra Chahal,Bowler,Indian,160,5.29,43.02,37,0,0,205,7.84,22.45,17.18,26,0,2.0,18.0,Punjab Kings,Punjab Kings,0,0,0,0,88.48,4.92,2,0
2025,Jos Buttler,Wicketkeeper-Batsman,Overseas,107,37.72,147.45,3583,356,161,0,,,,55,1,2.0,15.75,Gujarat Titans,Gujarat Titans,0,0,1,1,37.56,2.38,3,1
2025,KL Rahul,Wicketkeeper-Batsman,Indian,132,44.66,134.55,4689,400,187,0,,,,78,7,2.0,14.0,Delhi Capitals,Delhi Capitals,0,0,1,1,44.1,3.15,3,0
2025,Jofra Archer,Bowler,Overseas,40,15.31,155.47,199,11,14,48,7.43,24.4,19.69,7,0,2.0,12.5,Rajasthan Royals,Rajasthan Royals,0,0,0,0,51.16,4.09,2,1
2025,Trent Boult,Bowler,Overseas,103,10.38,106.41,83,5,3,121,8.32,26.82,19.35,31,0,2.0,12.5,Mumbai Indians,Mumbai Indians,0,0,0,0,66.85,5.35,2,1
2025,Josh Hazlewood,Bowler,Overseas,27,,67.86,19,1,0,35,8.06,23.14,17.23,1,0,2.0,12.5,Royal Challengers Bengaluru,Royal Challengers Bengaluru,1,0,0,0,46.49,3.72,2,1
2025,Mohammed Siraj,Bowler,Indian,93,10.9,91.6,109,10,4,93,8.65,30.34,21.05,28,0,2.0,12.25,Gujarat Titans,Gujarat Titans,0,0,0,0,59.23,4.84,2,0
2025,Mitchell Starc,Bowler,Overseas,40,11.67,96.33,105,11,0,51,8.21,22.29,16.29,21,0,2.0,11.75,Delhi Capitals,Delhi Capitals,0,0,0,0,50.03,4.26,2,1
2025,Phil Salt,Batsman,Overseas,21,34.37,175.54,653,74,34,0,,,,17,0,2.0,11.5,Royal Challengers Bengaluru,Royal Challengers Bengaluru,0,0,1,1,47.21,4.11,1,1
2025,Ishan Kishan,Wicketkeeper-Batsman,Indian,105,28.43,135.87,2644,255,119,0,,,,52,5,2.0,11.25,Sunrisers Hyderabad,Sunrisers Hyderabad,0,0,1,1,33.44,2.97,3,0
2025,Marcus Stoinis,All-Rounder,Overseas,96,28.27,142.01,1866,150,91,43,9.52,29.63,18.67,24,0,2.0,11.0,Punjab Kings,Punjab Kings,0,0,0,0,41.75,3.8,0,1
2025,Jitesh Sharma,Wicketkeeper-Batsman,Indian,40,22.81,151.14,730,53,45,0,,,,25,4,1.0,11.0,Royal Challengers Bengaluru,Royal Challengers Bengaluru,0,0,1,1,31.03,2.82,3,0
2025,Kagiso Rabada,Bowler,Overseas,80,12.12,106.74,206,16,8,120,8.47,21.49,15.22,26,0,2.0,10.75,Gujarat Titans,Gujarat Titans,0,0,0,0,66.24,6.16,2,1
2025,T. Natarajan,Bowler,Indian,61,,60.0,3,0,0,67,8.84,29.39,19.96,8,0,2.0,10.75,Delhi Capitals,Delhi Capitals,1,0,0,0,52.44,4.88,2,0
2025,Bhuvneshwar Kumar,Bowler,Indian,176,8.74,93.87,306,30,3,181,7.56,27.23,21.6,27,0,2.0,10.75,Royal Challengers Bengaluru,Royal Challengers Bengaluru,0,0,0,0,83.29,7.75,2,0
2025,Mohammed Shami,Bowler,Indian,110,5.69,93.67,74,6,2,127,8.43,26.93,19.17,17,0,2.0,10.0,Sunrisers Hyderabad,Sunrisers Hyderabad,0,0,0,0,68.05,6.8,2,0
2025,Noor Ahmad,Bowler,Overseas,23,3.25,72.22,13,2,0,24,8.04,27.46,20.5,6,0,2.0,10.0,Chennai Super Kings,Chennai Super Kings,0,0,0,0,43.85,4.38,2,1
2025,Ravichandran Ashwin,Bowler,Indian,210,13.33,118.52,800,61,28,180,7.12,29.83,25.13,41,0,2.0,9.75,Chennai Super Kings,Chennai Super Kings,0,0,0,0,84.09,8.62,2,0
2025,Avesh Khan,Bowler,Indian,62,20.5,164.0,41,3,3,74,8.87,26.68,18.04,9,0,2.0,9.75,Lucknow Super Giants,Lucknow Super Giants,0,0,0,0,54.07,5.55,2,0
2025,Prasidh Krishna,Bowler,Indian,51,3.0,37.5,9,0,0,50,8.93,34.26,23.02,9,0,2.0,9.5,Gujarat Titans,Gujarat Titans,0,0,0,0,48.08,5.06,2,0
2025,Deepak Chahar,Bowler,Indian,81,11.43,135.59,80,2,6,77,7.98,28.84,21.68,11,0,2.0,9.25,Mumbai Indians,Mumbai Indians,0,0,0,0,56.92,6.15,2,0
2025,Jake Fraser-McGurk,Batsman,Overseas,9,36.67,234.04,330,32,28,0,,,,5,0,2.0,9.0,Delhi Capitals,Delhi Capitals,0,0,1,1,56.22,6.25,1,1
2025,Liam Livingstone,All-Rounder,Overseas,39,28.45,162.46,939,66,66,11,9.14,35.73,23.45,16,0,2.0,8.75,Royal Challengers Bengaluru,Royal Challengers Bengaluru,0,0,0,0,39.65,4.53,0,1
2025,Harshal Patel,Bowler,Indian,105,9.22,122.66,249,16,15,135,8.74,23.33,16.01,23,0,2.0,8.0,Sunrisers Hyderabad,Sunrisers Hyderabad,0,0,0,0,69.26,8.66,2,0
2025,Akash Deep,Bowler,Indian,8,9.5,158.33,19,2,1,7,11.67,45.57,23.43,2,0,1.0,8.0,Lucknow Super Giants,Lucknow Super Giants,0,0,0,0,31.06,3.88,2,0
2025,Mukesh Kumar,Bowler,Indian,20,10.0,55.56,10,0,0,24,10.44,28.92,16.62,4,0,2.0,8.0,Delhi Capitals,Delhi Capitals,0,0,0,0,38.14,4.77,2,0
2025,David Miller,Batsman,Overseas,130,35.66,139.17,2924,207,134,0,,,,80,0,1.5,7.5,Lucknow Super Giants,Lucknow Super Giants,0,0,1,1,43.62,5.82,1,1
2025,Marco Jansen,Bowler,Overseas,21,9.43,100.0,66,5,2,20,9.53,35.75,22.5,13,0,1.25,7.0,Punjab Kings,Punjab Kings,0,0,0,0,39.33,5.62,2,1
2025,Anrich Nortje,Bowler,Overseas,46,8.17,100.0,49,6,0,60,8.96,26.23,17.57,9,0,2.0,6.5,Kolkata Knight Riders,Kolkata Knight Riders,0,0,0,0,50.44,7.76,2,1
2025,Tushar Deshpande,Bowler,Indian,36,21.0,150.0,21,2,1,42,9.65,29.6,18.4,6,0,1.0,6.5,Rajasthan Royals,Rajasthan Royals,0,0,0,0,44.41,6.83,2,0
2025,Harry Brook,Batsman,Overseas,11,21.11,123.38,190,23,4,0,,,,3,0,2.0,6.25,Delhi Capitals,Delhi Capitals,0,0,1,1,30.94,4.95,1,1
2025,Devon Conway,Batsman,Overseas,23,48.63,141.28,924,100,30,0,,,,8,0,2.0,6.25,Chennai Super Kings,Chennai Super Kings,0,0,1,1,53.42,8.55,1,1
2025,Rasikh Salam Dar,Bowler,Indian,11,8.0,100.0,40,5,0,9,10.43,37.67,21.67,2,0,0.3,6.0,Royal Challengers Bengaluru,Royal Challengers Bengaluru,0,0,0,0,34.5,5.75,2,0
2025,Krunal Pandya,All-Rounder,Indian,127,22.56,132.82,1647,144,61,76,7.37,34.29,27.92,41,0,2.0,5.75,Royal Challengers Bengaluru,Royal Challengers Bengaluru,0,0,0,0,45.66,7.94,0,0
2025,Wanindu Hasaranga,Bowler,Overseas,26,7.2,98.63,72,7,1,35,8.13,21.37,15.77,1,0,2.0,5.25,Rajasthan Royals,Rajasthan Royals,0,0,0,0,46.32,8.82,2,1
2025,Naman Dhir,Batsman,Indian,7,23.33,177.22,140,12,10,0,11.79,,,3,0,0.3,5.25,Mumbai Indians,Mumbai Indians,0,0,0,1,39.31,7.49,1,0
2025,Will Jacks,All-Rounder,Overseas,8,32.86,175.57,230,16,18,2,11.11,50.0,27.0,3,0,2.0,5.25,Mumbai Indians,Mumbai Indians,0,0,0,0,38.64,7.36,0,1
2025,Khaleel Ahmed,Bowler,Indian,57,0.2,14.29,1,0,0,74,8.84,25.42,17.24,4,0,2.0,4.8,Chennai Super Kings,Chennai Super Kings,0,0,0,0,54.14,11.28,2,0
2025,Maheesh Theekshana,Bowler,Overseas,27,7.0,100.0,7,0,1,25,7.66,31.88,24.96,4,0,2.0,4.4,Rajasthan Royals,Rajasthan Royals,0,0,0,0,45.0,10.23,2,1
2025,Glenn Maxwell,All-Rounder,Overseas,134,24.75,156.7,2772,233,160,37,8.28,35.22,25.51,47,0,2.0,4.2,Punjab Kings,Punjab Kings,0,0,0,0,42.12,10.03,0,1
2025,Nehal Wadhera,Batsman,Indian,20,23.33,140.0,350,32,18,0,6.5,,,6,0,0.3,4.2,Punjab Kings,Punjab Kings,0,0,0,1,34.65,8.25,1,0
2025,Abdul Samad,Batsman,Indian,50,18.68,145.84,579,37,36,2,12.56,56.5,27.0,27,0,0.3,4.2,Lucknow Super Giants,Lucknow Super Giants,0,0,0,0,31.97,7.61,1,0
2025,Nitish Rana,Batsman,Indian,107,28.65,135.04,2636,234,132,10,8.4,25.2,18.0,24,0,1.5,4.2,Rajasthan Royals,Rajasthan Royals,0,0,0,0,37.95,9.04,1,0
2025,Rachin Ravindra,Batsman,Overseas,10,22.2,160.87,222,22,12,0,3.5,,,8,0,1.5,4.0,Chennai Super Kings,Chennai Super Kings,0,0,0,1,36.43,9.11,1,1
2025,Ashutosh Sharma,Batsman,Indian,11,27.0,167.26,189,10,15,0,,,,2,0,0.3,3.8,Delhi Capitals,Delhi Capitals,0,0,1,1,40.76,10.73,1,0
2025,Quinton de Kock,Wicketkeeper-Batsman,Overseas,107,30.98,134.18,3160,316,123,0,,,,70,16,2.0,3.6,Kolkata Knight Riders,Kolkata Knight Riders,0,0,1,1,41.64,11.57,3,1
2025,Rahul Tripathi,Batsman,Indian,95,27.27,139.31,2236,223,84,0,12.0,,,33,0,0.75,3.4,Chennai Super Kings,Chennai Super Kings,0,0,0,1,37.47,11.02,1,0
2025,Mitchell Marsh,All-Rounder,Overseas,42,19.56,127.64,665,48,38,37,8.52,21.49,15.14,10,0,2.0,3.4,Lucknow Super Giants,Lucknow Super Giants,0,0,0,0,38.11,11.21,0,1
2025,Anshul Kamboj,All-Rounder,Indian,3,,100.0,2,0,0,2,11.4,57.0,30.0,3,0,0.3,3.4,Chennai Super Kings,Chennai Super Kings,1,0,0,0,27.74,8.16,0,0
2025,Rahul Chahar,Bowler,Indian,78,8.06,104.03,129,13,5,75,7.72,28.55,22.19,20,0,1.0,3.2,Sunrisers Hyderabad,Sunrisers Hyderabad,0,0,0,0,57.05,17.83,2,0
2025,Abhinav Manohar,Batsman,Indian,19,16.5,132.76,231,21,10,0,,,,10,0,0.3,3.2,Sunrisers Hyderabad,Sunrisers Hyderabad,0,0,1,1,28.73,8.98,1,0
2025,Washington Sundar,All-Rounder,Indian,60,13.5,116.31,378,32,9,37,7.54,35.81,28.49,11,0,2.0,3.2,Gujarat Titans,Gujarat Titans,0,0,0,0,36.34,11.36,0,0
2025,Angkrish Raghuvanshi,Batsman,Indian,10,23.29,155.24,163,16,8,0,,,,4,0,0.3,3.0,Kolkata Knight Riders,Kolkata Knight Riders,0,0,1,1,36.53,12.18,1,0
2025,Tim David,All-Rounder,Overseas,38,28.65,170.28,659,38,46,0,,,,22,0,2.0,3.0,Royal Challengers Bengaluru,Royal Challengers Bengaluru,0,0,1,1,21.18,7.06,0,1
2025,Spencer Johnson,Bowler,Overseas,5,,85.71,6,1,0,4,9.44,37.75,24.0,1,0,2.0,2.8,Kolkata Knight Riders,Kolkata Knight Riders,1,0,0,0,35.64,12.73,2,1
2025,Suyash Sharma,Bowler,Indian,13,,,0,0,0,10,8.65,37.2,25.8,1,0,0.3,2.6,Royal Challengers Bengaluru,Royal Challengers Bengaluru,1,1,0,0,38.99,15.0,2,0
2025,Sherfane Rutherford,Batsman,Overseas,10,15.14,101.92,106,3,8,1,8.63,59.0,41.0,5,0,1.5,2.6,Gujarat Titans,Gujarat Titans,0,0,0,0,23.87,9.18,1,1
2025,Adam Zampa,Bowler,Overseas,20,3.0,62.5,15,1,0,29,7.99,19.24,14.45,1,0,2.0,2.4,Sunrisers Hyderabad,Sunrisers Hyderabad,0,0,0,0,45.19,18.83,2,1
2025,Sam Curran,All-Rounder,Overseas,59,25.23,136.48,883,74,37,58,9.65,32.76,20.36,21,0,2.0,2.4,Chennai Super Kings,Chennai Super Kings,0,0,0,0,41.96,17.48,0,1
2025,Gerald Coetzee,Bowler,Overseas,10,3.5,63.64,14,0,1,13,10.18,26.23,15.46,1,0,1.25,2.4,Gujarat Titans,Gujarat Titans,0,0,0,0,36.08,15.03,2,1
2025,Shahbaz Ahmed,All-Rounder,Indian,55,19.14,121.82,536,28,25,21,9.35,39.86,25.57,20,0,1.0,2.4,Lucknow Super Giants,Lucknow Super Giants,0,0,0,0,34.65,14.44,0,0
2025,Azmatullah Omarzai,All-Rounder,Overseas,7,10.5,127.27,42,2,2,4,8.86,46.5,31.5,0,0,1.5,2.4,Punjab Kings,Punjab Kings,0,0,0,0,30.33,12.64,0,1
2025,Mohit Sharma,Bowler,Indian,112,7.29,93.23,124,9,4,132,8.67,24.67,17.07,24,0,0.5,2.2,Delhi Capitals,Delhi Capitals,0,0,0,0,68.7,31.23,2,0
2025,Aiden Markram,Batsman,Overseas,44,30.15,129.73,995,73,35,2,8.53,86.0,60.5,24,0,2.0,2.0,Lucknow Super Giants,Lucknow Super Giants,0,0,0,0,38.39,19.2,1,1
2025,Devdutt Padikkal,Batsman,Indian,64,25.15,123.14,1559,170,42,0,,,,28,0,2.0,2.0,Royal Challengers Bengaluru,Royal Challengers Bengaluru,0,0,1,1,33.89,16.94,1,0
2025,Rahmanullah Gurbaz,Batsman,Overseas,13,22.23,133.8,289,24,19,0,,,,15,0,2.0,2.0,Kolkata Knight Riders,Kolkata Knight Riders,0,0,1,1,33.07,16.54,1,1
2025,Faf du Plessis,Batsman,Overseas,144,35.99,136.37,4571,422,166,0,16.0,,,82,0,2.0,2.0,Delhi Capitals,Delhi Capitals,0,0,0,1,43.51,21.76,1,1
2025,Glenn Phillips,Batsman,Overseas,8,9.29,118.18,65,3,6,2,8.0,20.0,15.0,3,0,2.0,2.0,Gujarat Titans,Gujarat Titans,0,0,0,0,21.6,10.8,1,1
2025,Lockie Ferguson,Bowler,Overseas,45,22.67,147.83,68,6,2,48,8.94,29.75,19.96,9,0,2.0,2.0,Punjab Kings,Punjab Kings,0,0,0,0,47.56,23.78,2,1
2025,Sai Kishore,All-Rounder,Indian,10,13.0,216.67,13,0,2,13,8.32,19.85,14.31,4,0,0.75,2.0,Gujarat Titans,Gujarat Titans,0,0,0,0,38.57,19.28,0,0
2025,Mitchell Santner,All-Rounder,Overseas,18,11.67,98.59,70,4,3,15,6.92,28.13,24.4,6,0,2.0,2.0,Mumbai Indians,Mumbai Indians,0,0,0,0,32.61,16.3,0,1
2025,Fazalhaq Farooqi,Bowler,Overseas,7,,23.08,3,0,0,6,8.96,37.83,25.33,1,0,2.0,2.0,Rajasthan Royals,Rajasthan Royals,1,0,0,0,37.27,18.64,2,1
2025,Nathan Ellis,Bowler,Overseas,16,4.75,76.0,19,0,1,18,8.61,28.22,19.67,2,0,1.0,2.0,Chennai Super Kings,Chennai Super Kings,0,0,0,0,41.03,20.52,2,1
2025,Vaibhav Arora,Bowler,Indian,20,4.5,56.25,9,0,0,19,9.18,30.84,20.16,5,0,0.3,1.8,Kolkata Knight Riders,Kolkata Knight Riders,0,0,0,0,39.92,22.18,2,0
2025,Vijaykumar Vyshak,Bowler,Indian,11,7.0,116.67,14,0,1,13,10.26,30.38,17.77,4,0,0.3,1.8,Punjab Kings,Punjab Kings,0,0,0,0,35.89,19.94,2,0
2025,Mahipal Lomror,Batsman,Indian,40,18.17,141.29,527,33,30,1,8.47,127.0,90.0,11,0,0.3,1.7,Gujarat Titans,Gujarat Titans,0,0,0,0,31.02,18.25,1,0
2025,Deepak Hooda,All-Rounder,Indian,118,18.32,129.51,1466,96,61,10,8.54,53.1,37.3,56,0,0.75,1.7,Chennai Super Kings,Chennai Super Kings,0,0,0,0,34.45,20.26,0,0
2025,Yash Thakur,Bowler,Indian,19,,,0,0,0,24,10.26,28.79,16.83,2,0,0.3,1.6,Punjab Kings,Punjab Kings,1,1,0,0,38.57,24.11,2,0
2025,Nuwan Thushara,Bowler,Overseas,7,,,0,0,0,8,9.88,32.12,19.5,1,0,0.75,1.6,Royal Challengers Bengaluru,Royal Challengers Bengaluru,1,1,0,0,35.57,22.23,2,1
2025,Harpreet Brar,Bowler,Indian,41,21.18,122.63,233,19,9,25,7.91,35.8,27.16,14,0,0.3,1.5,Punjab Kings,Punjab Kings,0,0,0,0,44.41,29.61,2,0
2025,Simarjeet Singh,Bowler,Indian,10,7.0,87.5,7,0,0,9,8.63,28.78,20.0,3,0,0.3,1.5,Sunrisers Hyderabad,Sunrisers Hyderabad,0,0,0,0,38.79,25.86,2,0
2025,Rovman Powell,Batsman,Overseas,26,18.95,147.54,360,21,28,1,11.67,35.0,18.0,19,0,1.5,1.5,Kolkata Knight Riders,Kolkata Knight Riders,0,0,0,0,32.38,21.59,1,1
2025,Ajinkya Rahane,Batsman,Indian,185,30.14,123.42,4642,479,103,1,5.0,5.0,6.0,72,0,1.5,1.5,Kolkata Knight Riders,Kolkata Knight Riders,0,0,0,0,37.59,25.06,1,0
2025,Romario Shepherd,All-Rounder,Overseas,10,23.0,182.54,115,7,10,4,12.24,64.25,31.5,0,0,1.5,1.5,Royal Challengers Bengaluru,Royal Challengers Bengaluru,0,0,0,0,34.35,22.9,0,1
2025,Kwena Maphaka,Bowler,Overseas,2,,,0,0,0,1,14.83,89.0,36.0,0,0,0.75,1.5,Rajasthan Royals,Rajasthan Royals,1,1,0,0,22.08,14.72,2,1
2025,Arshad Khan,All-Rounder,Indian,10,25.25,146.38,101,6,6,6,12.49,50.67,24.33,2,0,0.3,1.3,Gujarat Titans,Gujarat Titans,0,0,0,0,32.87,25.28,0,0
2025,Gurnoor Brar,Bowler,Indian,1,,,0,0,0,0,14.0,,,0,0,0.3,1.3,Gujarat Titans,Gujarat Titans,1,1,0,1,23.81,18.32,2,0
2025,Vijay Shankar,Batsman,Indian,72,25.34,129.8,1115,80,45,9,8.67,38.22,26.44,33,0,0.3,1.2,Chennai Super Kings,Chennai Super Kings,0,0,0,0,34.86,29.05,1,0
2025,Akash Madhwal,Bowler,Indian,13,,80.0,4,0,0,19,9.71,22.32,13.79,1,0,0.3,1.2,Rajasthan Royals,Rajasthan Royals,1,0,0,0,38.66,32.22,2,0
2025,Jaydev Unadkat,Bowler,Indian,105,12.31,118.67,197,16,7,99,8.98,32.21,21.53,19,0,1.0,1.0,Sunrisers Hyderabad,Sunrisers Hyderabad,0,0,0,0,59.91,59.91,2,0
2025,Lungi Ngidi,Bowler,Overseas,14,,,0,0,0,25,8.3,17.92,12.96,1,0,0.3,1.0,Royal Challengers Bengaluru,Royal Challengers Bengaluru,1,1,0,0,43.48,43.48,2,1
2025,Sameer Rizvi,Batsman,Indian,8,12.75,118.6,51,4,2,0,,,,4,0,0.3,0.95,Delhi Capitals,Delhi Capitals,0,0,1,1,24.2,25.47,1,0
2025,Vishnu Vinod,Batsman,Indian,6,9.33,98.25,56,3,3,0,,,,1,2,0.3,0.95,Punjab Kings,Punjab Kings,0,0,1,1,19.14,20.15,1,0
2025,Shubham Dubey,Batsman,Indian,4,16.5,173.68,33,3,2,0,,,,0,0,0.3,0.8,Rajasthan Royals,Rajasthan Royals,0,0,1,1,33.84,42.3,1,0
2025,Kuldeep Sen,Bowler,Indian,12,,0.0,0,0,0,14,9.63,27.64,17.21,3,0,0.75,0.8,Punjab Kings,Punjab Kings,1,0,0,0,37.63,47.04,2,0
2025,Donovan Ferreira,Batsman,Overseas,2,4.0,72.73,8,0,0,0,,,,3,0,0.75,0.75,Delhi Capitals,Delhi Capitals,0,0,1,1,12.03,16.04,1,1
2025,Manimaran Siddharth,Bowler,Indian,3,,,0,0,0,1,7.89,71.0,54.0,0,0,0.3,0.75,Lucknow Super Giants,Lucknow Super Giants,1,1,0,0,38.6,51.47,2,0
2025,Manish Pandey,Batsman,Indian,171,29.02,121.24,3859,335,111,0,,,,85,0,0.75,0.75,Kolkata Knight Riders,Kolkata Knight Riders,0,0,1,1,36.49,48.65,1,0
2025,Umran Malik,Bowler,Indian,26,11.5,143.75,23,1,2,29,9.4,26.62,17.0,4,0,0.75,0.75,Kolkata Knight Riders,Kolkata Knight Riders,0,0,0,0,41.84,55.79,2,0
2025,Ishant Sharma,Bowler,Indian,110,9.5,82.61,57,4,2,92,8.24,34.48,25.1,18,0,0.75,0.75,Gujarat Titans,Gujarat Titans,0,0,0,0,59.96,79.95,2,0
2025,Jayant Yadav,All-Rounder,Indian,20,10.0,111.11,40,2,1,8,6.85,55.62,48.75,7,0,0.75,0.75,Gujarat Titans,Gujarat Titans,0,0,0,0,32.01,42.68,0,0
2025,Reece Topley,Bowler,Overseas,5,,50.0,3,0,0,5,10.71,36.4,20.4,1,0,0.75,0.75,Mumbai Indians,Mumbai Indians,1,0,0,0,32.86,43.81,2,1
2025,Lizaad Williams,Bowler,Overseas,2,,50.0,1,0,0,1,12.0,72.0,36.0,1,0,0.75,0.75,Mumbai Indians,Mumbai Indians,1,0,0,0,28.82,38.43,2,1
2025,Dushmantha Chameera,Bowler,Overseas,13,10.75,153.57,43,3,3,9,9.19,48.0,31.33,2,0,0.75,0.75,Delhi Capitals,Delhi Capitals,0,0,0,0,37.46,49.95,2,1
2025,Shamar Joseph,Bowler,Overseas,1,,,0,0,0,0,11.75,,,0,0,0.75,0.75,Lucknow Super Giants,Lucknow Super Giants,1,1,0,1,29.17,38.89,2,1
2025,Kumar Kushagra,Batsman,Indian,4,1.0,42.86,3,0,0,0,,,,1,0,0.3,0.65,Gujarat Titans,Gujarat Titans,0,0,1,1,6.09,9.37,1,0
2025,Karun Nair,Batsman,Indian,76,23.75,127.75,1496,161,39,0,,,,26,0,0.3,0.5,Delhi Capitals,Delhi Capitals,0,0,1,1,33.43,66.86,1,0
2025,Karn Sharma,Bowler,Indian,84,13.5,119.39,351,20,17,76,8.38,27.46,19.67,17,0,0.5,0.5,Mumbai Indians,Mumbai Indians,0,0,0,0,55.73,111.46,2,0
2025,Swapnil Singh,All-Rounder,Indian,14,10.2,113.33,51,3,3,7,8.93,34.43,23.14,2,0,0.3,0.5,Royal Challengers Bengaluru,Royal Challengers Bengaluru,0,0,0,0,29.63,59.26,0,0
2025,Anukul Roy,All-Rounder,Indian,10,8.67,108.33,26,3,0,5,8.43,38.2,27.2,8,0,0.3,0.4,Kolkata Knight Riders,Kolkata Knight Riders,0,0,0,0,29.1,72.75,0,0
2025,Yudhvir Singh,All-Rounder,Indian,5,5.5,137.5,22,1,2,4,10.17,30.5,18.0,0,0,0.3,0.35,Rajasthan Royals,Rajasthan Royals,0,0,0,0,27.57,78.77,0,0
2025,Atharva Taide,Batsman,Indian,9,27.44,147.02,247,27,8,0,24.0,,,5,0,0.3,0.3,Sunrisers Hyderabad,Sunrisers Hyderabad,0,0,0,1,38.55,128.5,1,0
2025,Anuj Rawat,Batsman,Indian,24,19.88,119.1,318,26,14,0,,,,18,0,0.3,0.3,Gujarat Titans,Gujarat Titans,0,0,1,1,29.51,98.37,1,0
2025,Shreyas Gopal,Bowler,Indian,52,12.86,106.51,180,19,2,52,8.17,25.94,19.06,5,0,0.3,0.3,Chennai Super Kings,Chennai Super Kings,0,0,0,0,50.37,167.9,2,0
2025,Mayank Markande,Bowler,Indian,37,16.0,114.29,48,5,1,37,8.91,28.89,19.46,7,0,0.3,0.3,Kolkata Knight Riders,Kolkata Knight Riders,0,0,0,0,44.95,149.83,2,0
2025,Kumar Kartikeya,Bowler,Indian,12,4.5,75.0,9,1,0,10,8.44,32.9,23.4,1,0,0.3,0.3,Rajasthan Royals,Rajasthan Royals,0,0,0,0,39.49,131.63,2,0
2025,Manav Suthar,Bowler,Indian,1,1.0,50.0,1,0,0,0,13.0,,,0,0,0.3,0.3,Gujarat Titans,Gujarat Titans,0,0,0,1,26.19,87.3,2,0
2025,Shaik Rasheed,Batsman,Indian,0,,,0,0,0,0,,,,1,0,0.3,0.3,Chennai Super Kings,Chennai Super Kings,1,1,1,1,,,1,0
2025,Darshan Nalkande,All-Rounder,Indian,6,6.0,100.0,12,0,1,6,10.57,24.67,14.0,2,0,0.3,0.3,Delhi Capitals,Delhi Capitals,0,0,0,0,25.18,83.93,0,0
2025,Mukesh Choudhary,Bowler,Indian,14,6.0,100.0,6,1,0,16,9.7,28.19,17.44,3,0,0.3,0.3,Chennai Super Kings,Chennai Super Kings,0,0,0,0,37.95,126.5,2,0
2025,Arjun Tendulkar,Bowler,Indian,5,13.0,144.44,13,0,1,3,9.37,38.0,24.33,0,0,0.3,0.3,Mumbai Indians,Mumbai Indians,0,0,0,0,35.57,118.57,2,0
2025,Sachin Baby,Batsman,Indian,19,16.0,122.03,144,11,5,2,4.8,4.0,5.0,5,0,0.3,0.3,Sunrisers Hyderabad,Sunrisers Hyderabad,0,0,0,0,27.02,90.07,1,0
2025,Rajvardhan Hangargekar,All-Rounder,Indian,2,,,0,0,0,3,10.0,20.0,12.0,0,0,0.3,0.3,Lucknow Super Giants,Lucknow Super Giants,1,1,0,0,,,0,0
2025,Arshin Kulkarni,All-Rounder,Indian,2,4.5,112.5,9,2,0,0,,,,0,0,0.3,0.3,Lucknow Super Giants,Lucknow Super Giants,0,0,1,1,8.69,28.97,0,0
2025,Akash Singh,Bowler,Indian,7,,,0,0,0,5,9.87,45.4,27.6,1,0,0.3,0.3,Lucknow Super Giants,Lucknow Super Giants,1,1,0,0,34.86,116.2,2,0
2025,Praveen Dubey,All-Rounder,Indian,4,23.0,69.7,23,2,0,1,8.27,91.0,66.0,1,0,0.3,0.3,Punjab Kings,Punjab Kings,0,0,0,0,31.66,105.53,0,0
2025,Mohit Rathee,Bowler,Indian,1,,50.0,1,0,0,0,14.5,,,0,0,0.3,0.3,Royal Challengers Bengaluru,Royal Challengers Bengaluru,1,0,0,1,22.62,75.4,2,0
2025,Raj Angad Bawa,All-Rounder,Indian,2,5.5,78.57,11,1,0,0,,,,0,0,0.3,0.3,Mumbai Indians,Mumbai Indians,0,0,1,1,6.93,23.1,0,0
2025,Kulwant Khejroliya,Bowler,Indian,7,,,0,0,0,5,10.76,43.4,24.2,0,0,0.3,0.3,Gujarat Titans,Gujarat Titans,1,1,0,0,32.74,109.13,2,0
2025,Kamlesh Nagarkoti,All-Rounder,Indian,12,5.5,66.67,22,1,0,5,9.5,57.0,36.0,9,0,0.3,0.3,Chennai Super Kings,Chennai Super Kings,0,0,0,0,24.06,80.2,0,0
2026,Cameron Green,All-Rounder,Overseas,29,41.59,153.7,707,62,32,16,9.08,41.5,27.44,10,0,2.0,25.2,Kolkata Knight Riders,Kolkata Knight Riders,0,0,0,0,44.61,1.77,0,1
2026,Matheesha Pathirana,Bowler,Overseas,32,,,0,0,0,47,8.68,21.62,14.94,9,0,2.0,18.0,Kolkata Knight Riders,Kolkata Knight Riders,1,1,0,0,47.94,2.66,2,1
2026,Liam Livingstone,All-Rounder,Overseas,49,26.27,158.76,1051,70,75,13,9.02,36.08,24.0,20,0,2.0,13.0,Sunrisers Hyderabad,Sunrisers Hyderabad,0,0,0,0,39.0,3.0,0,1
2026,Mustafizur Rahman,Bowler,Overseas,60,6.5,54.17,13,0,1,65,8.13,28.45,20.98,5,0,2.0,9.2,Kolkata Knight Riders,Kolkata Knight Riders,0,0,0,0,53.64,5.83,2,1
2026,Josh Inglis,Wicketkeeper-Batsman,Overseas,12,30.89,162.57,278,26,16,0,,,,9,1,2.0,8.6,Lucknow Super Giants,Lucknow Super Giants,0,0,1,1,35.05,4.08,3,1
2026,Ravi Bishnoi,Bowler,Indian,77,4.5,68.18,45,2,2,72,8.22,31.07,22.68,23,0,2.0,7.2,Rajasthan Royals,Rajasthan Royals,0,0,0,0,55.13,7.66,2,0
2026,Venkatesh Iyer,Batsman,Indian,61,29.96,137.32,1468,136,65,3,10.59,47.67,27.0,22,0,2.0,7.0,Royal Challengers Bengaluru,Royal Challengers Bengaluru,0,0,0,0,39.19,5.6,1,0
2026,Jason Holder,All-Rounder,Overseas,46,12.33,122.75,259,13,18,53,8.81,27.57,18.77,14,0,2.0,7.0,Gujarat Titans,Gujarat Titans,0,0,0,0,36.75,5.25,0,1
2026,Rahul Chahar,Bowler,Indian,79,8.06,104.03,129,13,5,75,7.72,28.67,22.27,20,0,1.0,5.2,Chennai Super Kings,Chennai Super Kings,0,0,0,0,57.05,10.97,2,0
2026,Adam Milne,Bowler,Overseas,10,5.75,79.31,23,0,1,7,9.48,46.71,29.57,7,0,2.0,2.4,Rajasthan Royals,Rajasthan Royals,0,0,0,0,36.28,15.12,2,1
2026,David Miller,Batsman,Overseas,141,35.37,138.54,3077,220,138,0,,,,85,0,2.0,2.0,Delhi Capitals,Delhi Capitals,0,0,1,1,43.32,21.66,1,1
2026,Wanindu Hasaranga,Bowler,Overseas,37,5.4,92.05,81,7,1,46,8.41,24.33,17.35,3,0,2.0,2.0,Lucknow Super Giants,Lucknow Super Giants,0,0,0,0,48.34,24.17,2,1
2026,Rachin Ravindra,Batsman,Overseas,18,24.29,143.9,413,40,16,0,3.5,,,10,0,2.0,2.0,Kolkata Knight Riders,Kolkata Knight Riders,0,0,0,1,35.85,17.92,1,1
2026,Matt Henry,Bowler,Overseas,6,,,0,0,0,2,10.65,90.5,51.0,0,0,2.0,2.0,Chennai Super Kings,Chennai Super Kings,1,1,0,0,32.27,16.14,2,1
2026,Anrich Nortje,Bowler,Overseas,48,8.17,100.0,49,6,0,61,9.07,27.16,17.97,10,0,2.0,2.0,Lucknow Super Giants,Lucknow Super Giants,0,0,0,0,50.43,25.22,2,1
2026,Akeal Hosein,Bowler,Overseas,1,,160.0,16,1,1,1,10.0,40.0,24.0,0,0,2.0,2.0,Chennai Super Kings,Chennai Super Kings,1,0,0,0,33.58,16.79,2,1
2026,Tom Banton,Wicketkeeper-Batsman,Overseas,2,9.0,90.0,18,1,1,0,,,,0,0,2.0,2.0,Gujarat Titans,Gujarat Titans,0,0,1,1,14.29,7.14,3,1
2026,Kyle Jamieson,Bowler,Overseas,13,16.25,108.33,65,5,3,14,9.67,29.71,18.43,2,0,2.0,2.0,Delhi Capitals,Delhi Capitals,0,0,0,0,37.53,18.76,2,1
2026,Lungi Ngidi,Bowler,Overseas,16,,0.0,0,0,0,29,8.53,18.24,12.83,1,0,2.0,2.0,Delhi Capitals,Delhi Capitals,1,0,0,0,43.91,21.96,2,1
2026,Matthew Short,All-Rounder,Overseas,6,19.5,127.17,117,15,4,0,6.25,,,5,0,1.5,1.5,Chennai Super Kings,Chennai Super Kings,0,0,0,1,36.25,24.17,0,1
2026,Tim Seifert,Wicketkeeper-Batsman,Overseas,3,8.67,113.04,26,4,0,0,,,,1,0,1.5,1.5,Kolkata Knight Riders,Kolkata Knight Riders,0,0,1,1,16.4,10.93,3,1
2026,Quinton de Kock,Wicketkeeper-Batsman,Overseas,115,30.39,133.98,3312,325,134,0,,,,73,16,1.0,1.0,Mumbai Indians,Mumbai Indians,0,0,1,1,41.27,41.27,3,1
2026,Akash Deep,Bowler,Indian,14,8.33,178.57,25,2,2,10,11.83,54.8,27.8,2,0,1.0,1.0,Kolkata Knight Riders,Kolkata Knight Riders,0,0,0,0,31.42,31.42,2,0
2026,Sarfaraz Khan,Batsman,Indian,50,22.5,130.58,585,63,14,0,18.0,,,10,0,0.75,0.75,Chennai Super Kings,Chennai Super Kings,0,0,0,1,32.87,43.83,1,0
2026,Prithvi Shaw,Batsman,Indian,79,23.95,147.47,1892,238,61,0,,,,18,0,0.75,0.75,Delhi Capitals,Delhi Capitals,0,0,1,1,36.04,48.05,1,0
2026,Shivam Mavi,Bowler,Indian,32,5.67,91.07,51,4,2,30,8.71,31.4,21.63,17,0,0.75,0.75,Sunrisers Hyderabad,Sunrisers Hyderabad,0,0,0,0,43.72,58.29,2,0
2026,Rahul Tripathi,Batsman,Indian,100,26.33,137.85,2291,229,85,0,12.0,,,34,0,0.75,0.75,Kolkata Knight Riders,Kolkata Knight Riders,0,0,0,1,36.59,48.79,1,0
2026,Kuldeep Sen,Bowler,Indian,12,,0.0,0,0,0,14,9.63,27.64,17.21,3,0,0.75,0.75,Rajasthan Royals,Rajasthan Royals,1,0,0,0,37.63,50.17,2,0
2026,Luke Wood,Bowler,Overseas,2,,300.0,9,0,1,1,15.5,93.0,36.0,0,0,0.75,0.75,Gujarat Titans,Gujarat Titans,1,0,0,0,20.48,27.31,2,1
2026,Kartik Tyagi,Bowler,Indian,20,3.25,81.25,13,1,0,15,10.14,47.53,28.13,3,0,0.3,0.3,Kolkata Knight Riders,Kolkata Knight Riders,0,0,0,0,36.66,122.2,2,0
2026,Vignesh Puthur,Bowler,Indian,5,,,0,0,0,6,9.08,18.17,12.0,1,0,0.3,0.3,Rajasthan Royals,Rajasthan Royals,1,1,0,0,36.99,123.3,2,0
2026,Prashant Solanki,Bowler,Indian,2,,,0,0,0,2,6.33,19.0,18.0,0,0,0.3,0.3,Kolkata Knight Riders,Kolkata Knight Riders,1,1,0,0,42.56,141.87,2,0
2026,Prithvi Raj,Bowler,Indian,2,,0.0,0,0,0,1,11.4,57.0,30.0,0,0,0.3,0.3,Gujarat Titans,Gujarat Titans,1,0,0,0,30.24,100.8,2,0
2026,Praveen Dubey,Bowler,Indian,5,23.0,69.7,23,2,0,2,8.54,55.5,39.0,2,0,0.3,0.3,Punjab Kings,Punjab Kings,0,0,0,0,37.3,124.33,2,0
